batch_idx,true_3class_id,true_3class,pred_3class_id,pred_3class,true_binary_id,true_binary,pred_binary_id,pred_binary,confidence,real_prob,fake_prob
0,1,Full-Synthetic,1,Full-Synthetic,1,Fake,1,Fake,0.9764951467514038,0.023504823446273804,0.9764951467514038
0,1,Full-Synthetic,1,Full-Synthetic,1,Fake,1,Fake,0.9932458996772766,0.006754037458449602,0.9932458996772766
0,1,Full-Synthetic,1,Full-Synthetic,1,Fake,1,Fake,0.9947407245635986,0.005259313154965639,0.9947407245635986
0,1,Full-Synthetic,1,Full-Synthetic,1,Fake,1,Fake,0.9958769679069519,0.004123022314161062,0.9958769679069519
0,0,Real,0,Real,0,Real,0,Real,0.8358694911003113,0.8358694911003113,0.16413047909736633
0,1,Full-Synthetic,1,Full-Synthetic,1,Fake,1,Fake,0.9972021579742432,0.0027978047728538513,0.9972021579742432
0,1,Full-Synthetic,1,Full-Synthetic,1,Fake,1,Fake,0.9858830571174622,0.014116943813860416,0.9858830571174622
0,1,Full-Synthetic,1,Full-Synthetic,1,Fake,1,Fake,0.9991375207901001,0.0008625212940387428,0.9991375207901001
0,2,Tampered,2,Tampered,1,Fake,1,Fake,0.9885314702987671,0.011468520388007164,0.9885314702987671
0,0,Real,2,Tampered,0,Real,1,Fake,0.7907461524009705,0.20925389230251312,0.7907461524009705
0,2,Tampered,0,Real,1,Fake,0,Real,0.9248671531677246,0.9248671531677246,0.07513290643692017
0,0,Real,1,Full-Synthetic,0,Real,1,Fake,0.8284811973571777,0.1715187430381775,0.8284811973571777
0,1,Full-Synthetic,1,Full-Synthetic,1,Fake,1,Fake,0.9975367188453674,0.0024633503053337336,0.9975367188453674
0,2,Tampered,0,Real,1,Fake,0,Real,0.9402154684066772,0.9402154684066772,0.05978446453809738
0,2,Tampered,2,Tampered,1,Fake,1,Fake,0.9953719973564148,0.004627972841262817,0.9953719973564148
0,2,Tampered,2,Tampered,1,Fake,1,Fake,0.8459188938140869,0.15408116579055786,0.8459188938140869
0,0,Real,2,Tampered,0,Real,1,Fake,0.9409410357475281,0.059058889746665955,0.9409410357475281
0,2,Tampered,2,Tampered,1,Fake,1,Fake,0.6504109501838684,0.3495890498161316,0.6504109501838684
0,2,Tampered,2,Tampered,1,Fake,1,Fake,0.9675594568252563,0.03244061768054962,0.9675594568252563
0,0,Real,0,Real,0,Real,0,Real,0.9185085296630859,0.9185085296630859,0.08149157464504242
0,1,Full-Synthetic,1,Full-Synthetic,1,Fake,1,Fake,0.9984393119812012,0.0015606993110850453,0.9984393119812012
0,0,Real,0,Real,0,Real,0,Real,0.6926134824752808,0.6926134824752808,0.30738651752471924
0,0,Real,0,Real,0,Real,0,Real,0.8175278306007385,0.8175278306007385,0.1824721395969391
0,1,Full-Synthetic,1,Full-Synthetic,1,Fake,1,Fake,0.9849714040756226,0.015028541907668114,0.9849714040756226
0,0,Real,0,Real,0,Real,0,Real,0.8963860273361206,0.8963860273361206,0.10361400991678238
0,0,Real,0,Real,0,Real,0,Real,0.7137817740440369,0.7137817740440369,0.2862182557582855
0,0,Real,0,Real,0,Real,0,Real,0.8494958281517029,0.8494958281517029,0.15050417184829712
0,2,Tampered,0,Real,1,Fake,0,Real,0.6744577884674072,0.6744577884674072,0.3255421817302704
0,2,Tampered,2,Tampered,1,Fake,1,Fake,0.9218379855155945,0.07816200703382492,0.9218379855155945
0,2,Tampered,0,Real,1,Fake,1,Fake,0.5490012168884277,0.45099878311157227,0.5490012168884277
0,0,Real,0,Real,0,Real,0,Real,0.9531190991401672,0.9531190991401672,0.04688086360692978
0,0,Real,0,Real,0,Real,0,Real,0.9634822010993958,0.9634822010993958,0.03651776537299156
1,1,Full-Synthetic,1,Full-Synthetic,1,Fake,1,Fake,0.998656690120697,0.0013432896230369806,0.998656690120697
1,0,Real,0,Real,0,Real,0,Real,0.9391276240348816,0.9391276240348816,0.06087237596511841
1,0,Real,0,Real,0,Real,0,Real,0.6893151998519897,0.6893151998519897,0.31068482995033264
1,0,Real,0,Real,0,Real,0,Real,0.5637666583061218,0.5637666583061218,0.4362333118915558
1,1,Full-Synthetic,1,Full-Synthetic,1,Fake,1,Fake,0.9966113567352295,0.0033886751625686884,0.9966113567352295
1,1,Full-Synthetic,1,Full-Synthetic,1,Fake,1,Fake,0.9990620613098145,0.0009379790280945599,0.9990620613098145
1,2,Tampered,2,Tampered,1,Fake,1,Fake,0.9897843599319458,0.010215649381279945,0.9897843599319458
1,0,Real,0,Real,0,Real,0,Real,0.9831101894378662,0.9831101894378662,0.016889778897166252
1,0,Real,0,Real,0,Real,0,Real,0.56257563829422,0.56257563829422,0.43742436170578003
1,0,Real,0,Real,0,Real,0,Real,0.7678748369216919,0.7678748369216919,0.23212508857250214
1,0,Real,0,Real,0,Real,0,Real,0.9678164124488831,0.9678164124488831,0.03218362480401993
1,2,Tampered,0,Real,1,Fake,0,Real,0.7728697061538696,0.7728697061538696,0.22713030874729156
1,0,Real,0,Real,0,Real,0,Real,0.7244155406951904,0.7244155406951904,0.27558445930480957
1,0,Real,0,Real,0,Real,0,Real,0.9648209810256958,0.9648209810256958,0.03517899289727211
1,2,Tampered,2,Tampered,1,Fake,1,Fake,0.9635501503944397,0.03644980490207672,0.9635501503944397
1,1,Full-Synthetic,1,Full-Synthetic,1,Fake,1,Fake,0.9938063025474548,0.006193609442561865,0.9938063025474548
1,0,Real,2,Tampered,0,Real,1,Fake,0.5544397830963135,0.44556015729904175,0.5544397830963135
1,2,Tampered,2,Tampered,1,Fake,1,Fake,0.8065665364265442,0.19343341886997223,0.8065665364265442
1,1,Full-Synthetic,1,Full-Synthetic,1,Fake,1,Fake,0.9876589775085449,0.012341096065938473,0.9876589775085449
1,2,Tampered,0,Real,1,Fake,0,Real,0.8129241466522217,0.8129241466522217,0.1870759278535843
1,0,Real,2,Tampered,0,Real,1,Fake,0.9063035249710083,0.09369645267724991,0.9063035249710083
1,1,Full-Synthetic,1,Full-Synthetic,1,Fake,1,Fake,0.9984686970710754,0.0015313104959204793,0.9984686970710754
1,0,Real,0,Real,0,Real,1,Fake,0.5022634863853455,0.49773648381233215,0.5022634863853455
1,0,Real,0,Real,0,Real,0,Real,0.8981870412826538,0.8981870412826538,0.10181300342082977
1,1,Full-Synthetic,1,Full-Synthetic,1,Fake,1,Fake,0.9849148392677307,0.015085186809301376,0.9849148392677307
1,0,Real,0,Real,0,Real,0,Real,0.9600750803947449,0.9600750803947449,0.03992489352822304
1,0,Real,0,Real,0,Real,0,Real,0.9515184760093689,0.9515184760093689,0.048481471836566925
1,2,Tampered,2,Tampered,1,Fake,1,Fake,0.7926021218299866,0.20739798247814178,0.7926021218299866
1,0,Real,0,Real,0,Real,0,Real,0.9515987038612366,0.9515987038612366,0.04840126261115074
1,0,Real,0,Real,0,Real,0,Real,0.8905759453773499,0.8905759453773499,0.10942409932613373
1,1,Full-Synthetic,1,Full-Synthetic,1,Fake,1,Fake,0.9955136775970459,0.004486375954002142,0.9955136775970459
1,0,Real,0,Real,0,Real,0,Real,0.7634260058403015,0.7634260058403015,0.23657409846782684
2,1,Full-Synthetic,1,Full-Synthetic,1,Fake,1,Fake,0.9960051774978638,0.0039948285557329655,0.9960051774978638
2,1,Full-Synthetic,1,Full-Synthetic,1,Fake,1,Fake,0.9779694080352783,0.02203064039349556,0.9779694080352783
2,1,Full-Synthetic,1,Full-Synthetic,1,Fake,1,Fake,0.9981630444526672,0.0018370201578363776,0.9981630444526672
2,2,Tampered,2,Tampered,1,Fake,1,Fake,0.9903132915496826,0.009686632081866264,0.9903132915496826
2,0,Real,0,Real,0,Real,0,Real,0.7874280214309692,0.7874280214309692,0.21257197856903076
2,1,Full-Synthetic,1,Full-Synthetic,1,Fake,1,Fake,0.9852209687232971,0.014779003337025642,0.9852209687232971
2,0,Real,0,Real,0,Real,0,Real,0.9640747308731079,0.9640747308731079,0.03592522814869881
2,0,Real,0,Real,0,Real,0,Real,0.9750056266784668,0.9750056266784668,0.02499447390437126
2,1,Full-Synthetic,1,Full-Synthetic,1,Fake,1,Fake,0.9938730001449585,0.006127017084509134,0.9938730001449585
2,1,Full-Synthetic,1,Full-Synthetic,1,Fake,1,Fake,0.9875945448875427,0.012405451387166977,0.9875945448875427
2,0,Real,2,Tampered,0,Real,1,Fake,0.7827679514884949,0.21723206341266632,0.7827679514884949
2,0,Real,0,Real,0,Real,0,Real,0.9689717888832092,0.9689717888832092,0.0310281403362751
2,1,Full-Synthetic,1,Full-Synthetic,1,Fake,1,Fake,0.9967052936553955,0.0032946697901934385,0.9967052936553955
2,0,Real,2,Tampered,0,Real,1,Fake,0.5354279279708862,0.46457207202911377,0.5354279279708862
2,1,Full-Synthetic,1,Full-Synthetic,1,Fake,1,Fake,0.9938722848892212,0.006127710919827223,0.9938722848892212
2,0,Real,2,Tampered,0,Real,1,Fake,0.9666865468025208,0.03331351652741432,0.9666865468025208
2,1,Full-Synthetic,1,Full-Synthetic,1,Fake,1,Fake,0.9969109296798706,0.003089021658524871,0.9969109296798706
2,0,Real,0,Real,0,Real,0,Real,0.9658917784690857,0.9658917784690857,0.03410812467336655
2,0,Real,0,Real,0,Real,0,Real,0.8707016706466675,0.8707016706466675,0.1292983889579773
2,0,Real,0,Real,0,Real,0,Real,0.8118369579315186,0.8118369579315186,0.18816305696964264
2,0,Real,2,Tampered,0,Real,1,Fake,0.922814130783081,0.07718591392040253,0.922814130783081
2,1,Full-Synthetic,1,Full-Synthetic,1,Fake,1,Fake,0.9892312288284302,0.010768773034214973,0.9892312288284302
2,2,Tampered,1,Full-Synthetic,1,Fake,1,Fake,0.6327946186065674,0.3672054409980774,0.6327946186065674
2,1,Full-Synthetic,1,Full-Synthetic,1,Fake,1,Fake,0.9967748522758484,0.00322522921487689,0.9967748522758484
2,2,Tampered,2,Tampered,1,Fake,1,Fake,0.5481848120689392,0.4518151879310608,0.5481848120689392
2,0,Real,0,Real,0,Real,0,Real,0.7833989858627319,0.7833989858627319,0.21660099923610687
2,0,Real,0,Real,0,Real,0,Real,0.9217265248298645,0.9217265248298645,0.07827345281839371
2,0,Real,0,Real,0,Real,0,Real,0.8872568607330322,0.8872568607330322,0.11274313181638718
2,1,Full-Synthetic,1,Full-Synthetic,1,Fake,1,Fake,0.9969799518585205,0.003020060947164893,0.9969799518585205
2,0,Real,2,Tampered,0,Real,1,Fake,0.8203561305999756,0.17964386940002441,0.8203561305999756
2,2,Tampered,2,Tampered,1,Fake,1,Fake,0.7399483323097229,0.2600517272949219,0.7399483323097229
2,0,Real,0,Real,0,Real,0,Real,0.7675095796585083,0.7675095796585083,0.23249037563800812
3,2,Tampered,2,Tampered,1,Fake,1,Fake,0.9480486512184143,0.05195141211152077,0.9480486512184143
3,0,Real,2,Tampered,0,Real,1,Fake,0.6727163195610046,0.327283650636673,0.6727163195610046
3,0,Real,2,Tampered,0,Real,1,Fake,0.5258018374443054,0.4741981029510498,0.5258018374443054
3,2,Tampered,2,Tampered,1,Fake,1,Fake,0.6374231576919556,0.36257681250572205,0.6374231576919556
3,1,Full-Synthetic,1,Full-Synthetic,1,Fake,1,Fake,0.9918497800827026,0.008150224573910236,0.9918497800827026
3,0,Real,0,Real,0,Real,0,Real,0.8914520144462585,0.8914520144462585,0.10854797065258026
3,2,Tampered,2,Tampered,1,Fake,1,Fake,0.5589377880096436,0.44106224179267883,0.5589377880096436
3,0,Real,0,Real,0,Real,0,Real,0.9450773596763611,0.9450773596763611,0.05492260307073593
3,1,Full-Synthetic,1,Full-Synthetic,1,Fake,1,Fake,0.9975570440292358,0.002442957367748022,0.9975570440292358
3,1,Full-Synthetic,1,Full-Synthetic,1,Fake,1,Fake,0.9950328469276428,0.004967145621776581,0.9950328469276428
3,1,Full-Synthetic,1,Full-Synthetic,1,Fake,1,Fake,0.996437668800354,0.003562368219718337,0.996437668800354
3,2,Tampered,2,Tampered,1,Fake,1,Fake,0.9950531721115112,0.004946904722601175,0.9950531721115112
3,0,Real,0,Real,0,Real,0,Real,0.9127597212791443,0.9127597212791443,0.08724021911621094
3,2,Tampered,2,Tampered,1,Fake,1,Fake,0.9405527114868164,0.05944730341434479,0.9405527114868164
3,1,Full-Synthetic,1,Full-Synthetic,1,Fake,1,Fake,0.9703652262687683,0.02963474951684475,0.9703652262687683
3,2,Tampered,2,Tampered,1,Fake,1,Fake,0.9136694073677063,0.08633065223693848,0.9136694073677063
3,2,Tampered,2,Tampered,1,Fake,1,Fake,0.6899165511131287,0.31008344888687134,0.6899165511131287
3,2,Tampered,2,Tampered,1,Fake,1,Fake,0.8435878157615662,0.15641216933727264,0.8435878157615662
3,0,Real,2,Tampered,0,Real,1,Fake,0.6114735007286072,0.3885265290737152,0.6114735007286072
3,0,Real,0,Real,0,Real,0,Real,0.8982883095741272,0.8982883095741272,0.10171164572238922
3,0,Real,0,Real,0,Real,0,Real,0.9376023411750793,0.9376023411750793,0.06239766627550125
3,2,Tampered,2,Tampered,1,Fake,1,Fake,0.9905670285224915,0.009432901628315449,0.9905670285224915
3,1,Full-Synthetic,1,Full-Synthetic,1,Fake,1,Fake,0.9935047626495361,0.006495230365544558,0.9935047626495361
3,0,Real,0,Real,0,Real,0,Real,0.9662286639213562,0.9662286639213562,0.033771369606256485
3,2,Tampered,0,Real,1,Fake,0,Real,0.8977341055870056,0.8977341055870056,0.10226581990718842
3,0,Real,1,Full-Synthetic,0,Real,1,Fake,0.8025908470153809,0.19740919768810272,0.8025908470153809
3,1,Full-Synthetic,1,Full-Synthetic,1,Fake,1,Fake,0.9964962005615234,0.003503866260871291,0.9964962005615234
3,0,Real,0,Real,0,Real,0,Real,0.8174222111701965,0.8174222111701965,0.18257787823677063
3,0,Real,0,Real,0,Real,0,Real,0.9510566592216492,0.9510566592216492,0.04894329980015755
3,1,Full-Synthetic,0,Real,1,Fake,0,Real,0.5923346877098083,0.5923346877098083,0.40766531229019165
3,1,Full-Synthetic,1,Full-Synthetic,1,Fake,1,Fake,0.9850802421569824,0.01491967961192131,0.9850802421569824
3,0,Real,0,Real,0,Real,0,Real,0.8817368149757385,0.8817368149757385,0.11826317012310028
4,2,Tampered,2,Tampered,1,Fake,1,Fake,0.9678332209587097,0.03216671198606491,0.9678332209587097
4,2,Tampered,2,Tampered,1,Fake,1,Fake,0.9798588156700134,0.020141202956438065,0.9798588156700134
4,1,Full-Synthetic,1,Full-Synthetic,1,Fake,1,Fake,0.9905984997749329,0.00940150860697031,0.9905984997749329
4,2,Tampered,2,Tampered,1,Fake,1,Fake,0.5218155980110168,0.47818440198898315,0.5218155980110168
4,0,Real,0,Real,0,Real,0,Real,0.8578197360038757,0.8578197360038757,0.14218024909496307
4,2,Tampered,2,Tampered,1,Fake,1,Fake,0.9963126182556152,0.0036874106153845787,0.9963126182556152
4,1,Full-Synthetic,1,Full-Synthetic,1,Fake,1,Fake,0.9924445748329163,0.0075553953647613525,0.9924445748329163
4,0,Real,0,Real,0,Real,0,Real,0.897552490234375,0.897552490234375,0.10244745016098022
4,0,Real,0,Real,0,Real,0,Real,0.781510591506958,0.781510591506958,0.21848945319652557
4,0,Real,0,Real,0,Real,0,Real,0.9518227577209473,0.9518227577209473,0.048177316784858704
4,0,Real,0,Real,0,Real,0,Real,0.8845827579498291,0.8845827579498291,0.1154172420501709
4,0,Real,0,Real,0,Real,0,Real,0.5689138770103455,0.5689138770103455,0.4310861825942993
4,0,Real,0,Real,0,Real,0,Real,0.8989240527153015,0.8989240527153015,0.10107595473527908
4,0,Real,0,Real,0,Real,0,Real,0.9798795580863953,0.9798795580863953,0.02012045495212078
4,1,Full-Synthetic,1,Full-Synthetic,1,Fake,1,Fake,0.9920604228973389,0.007939547300338745,0.9920604228973389
4,0,Real,0,Real,0,Real,0,Real,0.5820149779319763,0.5820149779319763,0.41798505187034607
4,2,Tampered,0,Real,1,Fake,0,Real,0.8256911635398865,0.8256911635398865,0.17430874705314636
4,2,Tampered,1,Full-Synthetic,1,Fake,1,Fake,0.831823468208313,0.1681765615940094,0.831823468208313
4,2,Tampered,2,Tampered,1,Fake,1,Fake,0.6675217151641846,0.33247828483581543,0.6675217151641846
4,0,Real,0,Real,0,Real,0,Real,0.8899359107017517,0.8899359107017517,0.1100640818476677
4,2,Tampered,2,Tampered,1,Fake,1,Fake,0.7551660537719727,0.24483397603034973,0.7551660537719727
4,0,Real,2,Tampered,0,Real,1,Fake,0.553729236125946,0.44627076387405396,0.553729236125946
4,1,Full-Synthetic,1,Full-Synthetic,1,Fake,1,Fake,0.9956207275390625,0.004379230085760355,0.9956207275390625
4,0,Real,1,Full-Synthetic,0,Real,1,Fake,0.9340881705284119,0.06591179221868515,0.9340881705284119
4,2,Tampered,0,Real,1,Fake,0,Real,0.5848432183265686,0.5848432183265686,0.415156751871109
4,0,Real,0,Real,0,Real,0,Real,0.9219026565551758,0.9219026565551758,0.0780973881483078
4,2,Tampered,1,Full-Synthetic,1,Fake,1,Fake,0.7010575532913208,0.2989424169063568,0.7010575532913208
4,0,Real,0,Real,0,Real,0,Real,0.879452645778656,0.879452645778656,0.12054741382598877
4,0,Real,0,Real,0,Real,0,Real,0.9640783667564392,0.9640783667564392,0.03592156991362572
4,1,Full-Synthetic,1,Full-Synthetic,1,Fake,1,Fake,0.9915289878845215,0.008470939472317696,0.9915289878845215
4,0,Real,0,Real,0,Real,0,Real,0.8813328742980957,0.8813328742980957,0.11866714805364609
4,2,Tampered,0,Real,1,Fake,0,Real,0.6723523139953613,0.6723523139953613,0.32764771580696106
5,1,Full-Synthetic,1,Full-Synthetic,1,Fake,1,Fake,0.9942127466201782,0.005787178408354521,0.9942127466201782
5,2,Tampered,2,Tampered,1,Fake,1,Fake,0.9692378044128418,0.030762113630771637,0.9692378044128418
5,1,Full-Synthetic,1,Full-Synthetic,1,Fake,1,Fake,0.9822518229484558,0.017748137935996056,0.9822518229484558
5,1,Full-Synthetic,1,Full-Synthetic,1,Fake,1,Fake,0.9986163973808289,0.0013836106518283486,0.9986163973808289
5,2,Tampered,0,Real,1,Fake,0,Real,0.5207962393760681,0.5207962393760681,0.4792037606239319
5,1,Full-Synthetic,1,Full-Synthetic,1,Fake,1,Fake,0.997955322265625,0.002044728957116604,0.997955322265625
5,0,Real,0,Real,0,Real,0,Real,0.81638103723526,0.81638103723526,0.18361905217170715
5,1,Full-Synthetic,1,Full-Synthetic,1,Fake,1,Fake,0.9990724921226501,0.0009275311604142189,0.9990724921226501
5,0,Real,0,Real,0,Real,0,Real,0.9622157216072083,0.9622157216072083,0.03778427094221115
5,0,Real,0,Real,0,Real,0,Real,0.9519742727279663,0.9519742727279663,0.0480257123708725
5,0,Real,0,Real,0,Real,0,Real,0.6617574095726013,0.6617574095726013,0.3382425904273987
5,0,Real,0,Real,0,Real,0,Real,0.9689719080924988,0.9689719080924988,0.031028132885694504
5,0,Real,0,Real,0,Real,0,Real,0.6731883883476257,0.6731883883476257,0.32681161165237427
5,2,Tampered,2,Tampered,1,Fake,1,Fake,0.8964836597442627,0.10351633280515671,0.8964836597442627
5,0,Real,2,Tampered,0,Real,1,Fake,0.7016031742095947,0.2983968257904053,0.7016031742095947
5,0,Real,0,Real,0,Real,0,Real,0.9598770141601562,0.9598770141601562,0.04012291133403778
5,0,Real,0,Real,0,Real,0,Real,0.5965577363967896,0.5965577363967896,0.40344223380088806
5,0,Real,2,Tampered,0,Real,1,Fake,0.6232995986938477,0.37670037150382996,0.6232995986938477
5,2,Tampered,2,Tampered,1,Fake,1,Fake,0.7173728942871094,0.282627135515213,0.7173728942871094
5,1,Full-Synthetic,1,Full-Synthetic,1,Fake,1,Fake,0.9966554641723633,0.003344496712088585,0.9966554641723633
5,0,Real,0,Real,0,Real,0,Real,0.7375431656837463,0.7375431656837463,0.2624568045139313
5,1,Full-Synthetic,1,Full-Synthetic,1,Fake,1,Fake,0.9821054935455322,0.017894573509693146,0.9821054935455322
5,0,Real,0,Real,0,Real,0,Real,0.9665200114250183,0.9665200114250183,0.03348005935549736
5,1,Full-Synthetic,1,Full-Synthetic,1,Fake,1,Fake,0.9940715432167053,0.005928422324359417,0.9940715432167053
5,2,Tampered,2,Tampered,1,Fake,1,Fake,0.9792836308479309,0.020716367289423943,0.9792836308479309
5,0,Real,0,Real,0,Real,0,Real,0.9277196526527405,0.9277196526527405,0.07228032499551773
5,0,Real,0,Real,0,Real,0,Real,0.7277255058288574,0.7277255058288574,0.27227452397346497
5,0,Real,0,Real,0,Real,0,Real,0.9767102599143982,0.9767102599143982,0.02328968606889248
5,2,Tampered,0,Real,1,Fake,0,Real,0.7364906072616577,0.7364906072616577,0.2635093331336975
5,1,Full-Synthetic,1,Full-Synthetic,1,Fake,1,Fake,0.9971976280212402,0.002802349627017975,0.9971976280212402
5,2,Tampered,2,Tampered,1,Fake,1,Fake,0.9798799753189087,0.020120052620768547,0.9798799753189087
5,2,Tampered,2,Tampered,1,Fake,1,Fake,0.9965936541557312,0.00340633443556726,0.9965936541557312
6,1,Full-Synthetic,1,Full-Synthetic,1,Fake,1,Fake,0.9955220222473145,0.004478040151298046,0.9955220222473145
6,0,Real,0,Real,0,Real,0,Real,0.9705814123153687,0.9705814123153687,0.029418591409921646
6,0,Real,0,Real,0,Real,0,Real,0.8964682221412659,0.8964682221412659,0.10353183001279831
6,0,Real,0,Real,0,Real,0,Real,0.9736430048942566,0.9736430048942566,0.026356928050518036
6,0,Real,0,Real,0,Real,0,Real,0.9516127109527588,0.9516127109527588,0.04838724434375763
6,0,Real,0,Real,0,Real,0,Real,0.8381483554840088,0.8381483554840088,0.16185161471366882
6,1,Full-Synthetic,1,Full-Synthetic,1,Fake,1,Fake,0.9949928522109985,0.005007192492485046,0.9949928522109985
6,0,Real,0,Real,0,Real,0,Real,0.9394712448120117,0.9394712448120117,0.06052876263856888
6,0,Real,0,Real,0,Real,0,Real,0.974699854850769,0.974699854850769,0.025300072506070137
6,1,Full-Synthetic,1,Full-Synthetic,1,Fake,1,Fake,0.9743031859397888,0.02569684386253357,0.9743031859397888
6,1,Full-Synthetic,1,Full-Synthetic,1,Fake,1,Fake,0.9873732328414917,0.01262680534273386,0.9873732328414917
6,1,Full-Synthetic,1,Full-Synthetic,1,Fake,1,Fake,0.9990980625152588,0.0009019330609589815,0.9990980625152588
6,2,Tampered,2,Tampered,1,Fake,1,Fake,0.6539309024810791,0.3460691273212433,0.6539309024810791
6,1,Full-Synthetic,1,Full-Synthetic,1,Fake,1,Fake,0.9932976365089417,0.006702345330268145,0.9932976365089417
6,0,Real,0,Real,0,Real,0,Real,0.5192639231681824,0.5192639231681824,0.4807360768318176
6,2,Tampered,2,Tampered,1,Fake,1,Fake,0.7877883315086365,0.21221165359020233,0.7877883315086365
6,0,Real,0,Real,0,Real,0,Real,0.7523999214172363,0.7523999214172363,0.24760007858276367
6,2,Tampered,0,Real,1,Fake,0,Real,0.7503132820129395,0.7503132820129395,0.24968673288822174
6,0,Real,0,Real,0,Real,0,Real,0.9046172499656677,0.9046172499656677,0.09538275748491287
6,0,Real,0,Real,0,Real,0,Real,0.8696666359901428,0.8696666359901428,0.1303333044052124
6,2,Tampered,1,Full-Synthetic,1,Fake,1,Fake,0.7028391361236572,0.29716089367866516,0.7028391361236572
6,2,Tampered,2,Tampered,1,Fake,1,Fake,0.9647461771965027,0.03525383025407791,0.9647461771965027
6,1,Full-Synthetic,1,Full-Synthetic,1,Fake,1,Fake,0.9876774549484253,0.012322505936026573,0.9876774549484253
6,0,Real,0,Real,0,Real,0,Real,0.9103043079376221,0.9103043079376221,0.08969566226005554
6,1,Full-Synthetic,1,Full-Synthetic,1,Fake,1,Fake,0.9954297542572021,0.004570281598716974,0.9954297542572021
6,0,Real,2,Tampered,0,Real,1,Fake,0.7425815463066101,0.2574184238910675,0.7425815463066101
6,2,Tampered,2,Tampered,1,Fake,1,Fake,0.9829925298690796,0.01700749807059765,0.9829925298690796
6,1,Full-Synthetic,1,Full-Synthetic,1,Fake,1,Fake,0.9966745972633362,0.0033254206646233797,0.9966745972633362
6,0,Real,0,Real,0,Real,0,Real,0.9759253263473511,0.9759253263473511,0.02407464198768139
6,1,Full-Synthetic,1,Full-Synthetic,1,Fake,1,Fake,0.9959739446640015,0.004026097245514393,0.9959739446640015
6,2,Tampered,2,Tampered,1,Fake,1,Fake,0.9629684090614319,0.037031613290309906,0.9629684090614319
6,0,Real,0,Real,0,Real,0,Real,0.9104700088500977,0.9104700088500977,0.08953004330396652
7,2,Tampered,0,Real,1,Fake,0,Real,0.6886560916900635,0.6886560916900635,0.3113439381122589
7,0,Real,0,Real,0,Real,0,Real,0.7981749773025513,0.7981749773025513,0.20182505249977112
7,1,Full-Synthetic,1,Full-Synthetic,1,Fake,1,Fake,0.9969937205314636,0.0030062610749155283,0.9969937205314636
7,0,Real,0,Real,0,Real,0,Real,0.9368293285369873,0.9368293285369873,0.06317068636417389
7,2,Tampered,2,Tampered,1,Fake,1,Fake,0.9014889597892761,0.09851109981536865,0.9014889597892761
7,1,Full-Synthetic,1,Full-Synthetic,1,Fake,1,Fake,0.9956190586090088,0.004380957689136267,0.9956190586090088
7,0,Real,0,Real,0,Real,0,Real,0.9752538800239563,0.9752538800239563,0.024746209383010864
7,2,Tampered,2,Tampered,1,Fake,1,Fake,0.9550287127494812,0.04497125744819641,0.9550287127494812
7,0,Real,0,Real,0,Real,0,Real,0.7820261120796204,0.7820261120796204,0.21797390282154083
7,1,Full-Synthetic,1,Full-Synthetic,1,Fake,1,Fake,0.9855576157569885,0.014442350715398788,0.9855576157569885
7,0,Real,0,Real,0,Real,0,Real,0.916683554649353,0.916683554649353,0.08331640809774399
7,0,Real,1,Full-Synthetic,0,Real,1,Fake,0.9596500992774963,0.04034986346960068,0.9596500992774963
7,0,Real,0,Real,0,Real,0,Real,0.9485563039779663,0.9485563039779663,0.0514436699450016
7,2,Tampered,0,Real,1,Fake,0,Real,0.6302935481071472,0.6302935481071472,0.3697064518928528
7,0,Real,0,Real,0,Real,0,Real,0.9523820877075195,0.9523820877075195,0.047617848962545395
7,0,Real,0,Real,0,Real,0,Real,0.7800197601318359,0.7800197601318359,0.21998025476932526
7,0,Real,0,Real,0,Real,0,Real,0.9677072167396545,0.9677072167396545,0.0322926789522171
7,0,Real,0,Real,0,Real,0,Real,0.9878723621368408,0.9878723621368408,0.01212761178612709
7,1,Full-Synthetic,1,Full-Synthetic,1,Fake,1,Fake,0.983846127986908,0.01615387201309204,0.983846127986908
7,2,Tampered,0,Real,1,Fake,0,Real,0.85542231798172,0.85542231798172,0.14457780122756958
7,0,Real,0,Real,0,Real,0,Real,0.8191224932670593,0.8191224932670593,0.1808774620294571
7,0,Real,0,Real,0,Real,0,Real,0.6728641390800476,0.6728641390800476,0.32713583111763
7,0,Real,0,Real,0,Real,0,Real,0.973025918006897,0.973025918006897,0.026974055916070938
7,0,Real,0,Real,0,Real,0,Real,0.766855001449585,0.766855001449585,0.23314492404460907
7,0,Real,2,Tampered,0,Real,1,Fake,0.6543450355529785,0.34565484523773193,0.6543450355529785
7,0,Real,0,Real,0,Real,0,Real,0.8023616671562195,0.8023616671562195,0.19763830304145813
7,0,Real,0,Real,0,Real,0,Real,0.6595311164855957,0.6595311164855957,0.3404688537120819
7,2,Tampered,2,Tampered,1,Fake,1,Fake,0.9667961597442627,0.0332038439810276,0.9667961597442627
7,2,Tampered,2,Tampered,1,Fake,1,Fake,0.8016991019248962,0.19830095767974854,0.8016991019248962
7,2,Tampered,2,Tampered,1,Fake,1,Fake,0.7279536724090576,0.2720463275909424,0.7279536724090576
7,0,Real,0,Real,0,Real,0,Real,0.9867660999298096,0.9867660999298096,0.013233891688287258
7,0,Real,0,Real,0,Real,0,Real,0.9592087864875793,0.9592087864875793,0.04079119488596916
8,1,Full-Synthetic,1,Full-Synthetic,1,Fake,1,Fake,0.9961608648300171,0.00383909628726542,0.9961608648300171
8,2,Tampered,2,Tampered,1,Fake,1,Fake,0.9071611762046814,0.09283873438835144,0.9071611762046814
8,2,Tampered,2,Tampered,1,Fake,1,Fake,0.8904005289077759,0.10959942638874054,0.8904005289077759
8,0,Real,0,Real,0,Real,0,Real,0.982353687286377,0.982353687286377,0.01764632761478424
8,1,Full-Synthetic,1,Full-Synthetic,1,Fake,1,Fake,0.9991201162338257,0.0008798897615633905,0.9991201162338257
8,0,Real,2,Tampered,0,Real,1,Fake,0.6710404753684998,0.32895949482917786,0.6710404753684998
8,0,Real,0,Real,0,Real,0,Real,0.9740394353866577,0.9740394353866577,0.02596055343747139
8,0,Real,0,Real,0,Real,0,Real,0.9636791348457336,0.9636791348457336,0.03632080554962158
8,0,Real,0,Real,0,Real,0,Real,0.6112861633300781,0.6112861633300781,0.3887138068675995
8,2,Tampered,2,Tampered,1,Fake,1,Fake,0.5598617792129517,0.44013822078704834,0.5598617792129517
8,2,Tampered,2,Tampered,1,Fake,1,Fake,0.9863265156745911,0.013673406094312668,0.9863265156745911
8,0,Real,0,Real,0,Real,0,Real,0.8461940288543701,0.8461940288543701,0.15380607545375824
8,1,Full-Synthetic,1,Full-Synthetic,1,Fake,1,Fake,0.996416449546814,0.003583500860258937,0.996416449546814
8,0,Real,2,Tampered,0,Real,1,Fake,0.7573171854019165,0.24268288910388947,0.7573171854019165
8,0,Real,0,Real,0,Real,0,Real,0.9658908247947693,0.9658908247947693,0.03410924971103668
8,0,Real,0,Real,0,Real,0,Real,0.8888124823570251,0.8888124823570251,0.11118748784065247
8,2,Tampered,2,Tampered,1,Fake,1,Fake,0.8539655804634094,0.14603441953659058,0.8539655804634094
8,0,Real,0,Real,0,Real,0,Real,0.8954746127128601,0.8954746127128601,0.10452544689178467
8,1,Full-Synthetic,1,Full-Synthetic,1,Fake,1,Fake,0.9944389462471008,0.005561019293963909,0.9944389462471008
8,0,Real,0,Real,0,Real,0,Real,0.8035628795623779,0.8035628795623779,0.19643712043762207
8,0,Real,0,Real,0,Real,0,Real,0.844456672668457,0.844456672668457,0.15554334223270416
8,1,Full-Synthetic,1,Full-Synthetic,1,Fake,1,Fake,0.991319477558136,0.008680509403347969,0.991319477558136
8,0,Real,0,Real,0,Real,0,Real,0.5311521887779236,0.5311521887779236,0.46884775161743164
8,2,Tampered,2,Tampered,1,Fake,1,Fake,0.5623471736907959,0.4376528263092041,0.5623471736907959
8,1,Full-Synthetic,1,Full-Synthetic,1,Fake,1,Fake,0.9980186223983765,0.0019813734106719494,0.9980186223983765
8,2,Tampered,2,Tampered,1,Fake,1,Fake,0.9000475406646729,0.09995251148939133,0.9000475406646729
8,0,Real,0,Real,0,Real,0,Real,0.978657066822052,0.978657066822052,0.021342910826206207
8,0,Real,0,Real,0,Real,0,Real,0.9853589534759521,0.9853589534759521,0.014641006477177143
8,0,Real,0,Real,0,Real,0,Real,0.9790800213813782,0.9790800213813782,0.020919956266880035
8,1,Full-Synthetic,1,Full-Synthetic,1,Fake,1,Fake,0.9988462924957275,0.0011537338141351938,0.9988462924957275
8,0,Real,0,Real,0,Real,0,Real,0.9540851712226868,0.9540851712226868,0.04591485857963562
8,0,Real,0,Real,0,Real,0,Real,0.7307038903236389,0.7307038903236389,0.2692960798740387
9,0,Real,0,Real,0,Real,0,Real,0.9723491668701172,0.9723491668701172,0.027650849893689156
9,2,Tampered,0,Real,1,Fake,0,Real,0.9027635455131531,0.9027635455131531,0.09723645448684692
9,2,Tampered,2,Tampered,1,Fake,1,Fake,0.9435827732086182,0.05641718953847885,0.9435827732086182
9,2,Tampered,2,Tampered,1,Fake,1,Fake,0.9782350659370422,0.021765010431408882,0.9782350659370422
9,1,Full-Synthetic,1,Full-Synthetic,1,Fake,1,Fake,0.9911965131759644,0.008803456090390682,0.9911965131759644
9,0,Real,0,Real,0,Real,0,Real,0.8484472632408142,0.8484472632408142,0.15155279636383057
9,0,Real,2,Tampered,0,Real,1,Fake,0.9363304972648621,0.06366948783397675,0.9363304972648621
9,0,Real,0,Real,0,Real,0,Real,0.9559352397918701,0.9559352397918701,0.04406476020812988
9,2,Tampered,2,Tampered,1,Fake,1,Fake,0.8984826803207397,0.10151734948158264,0.8984826803207397
9,0,Real,0,Real,0,Real,0,Real,0.6980876922607422,0.6980876922607422,0.3019122779369354
9,0,Real,0,Real,0,Real,0,Real,0.9611101746559143,0.9611101746559143,0.0388898141682148
9,0,Real,0,Real,0,Real,0,Real,0.9633044004440308,0.9633044004440308,0.03669558838009834
9,1,Full-Synthetic,1,Full-Synthetic,1,Fake,1,Fake,0.9896371960639954,0.010362786240875721,0.9896371960639954
9,0,Real,2,Tampered,0,Real,1,Fake,0.8779382705688477,0.1220618411898613,0.8779382705688477
9,0,Real,0,Real,0,Real,0,Real,0.9707409143447876,0.9707409143447876,0.029259175062179565
9,0,Real,0,Real,0,Real,0,Real,0.8763318657875061,0.8763318657875061,0.12366820126771927
9,2,Tampered,2,Tampered,1,Fake,1,Fake,0.9337426424026489,0.0662572905421257,0.9337426424026489
9,2,Tampered,2,Tampered,1,Fake,1,Fake,0.9522166848182678,0.04778330400586128,0.9522166848182678
9,0,Real,0,Real,0,Real,0,Real,0.9307576417922974,0.9307576417922974,0.06924241036176682
9,1,Full-Synthetic,1,Full-Synthetic,1,Fake,1,Fake,0.9945660829544067,0.00543388444930315,0.9945660829544067
9,2,Tampered,0,Real,1,Fake,0,Real,0.5729518532752991,0.5729518532752991,0.4270482063293457
9,1,Full-Synthetic,1,Full-Synthetic,1,Fake,1,Fake,0.9849387407302856,0.015061231330037117,0.9849387407302856
9,1,Full-Synthetic,1,Full-Synthetic,1,Fake,1,Fake,0.9876787066459656,0.012321332469582558,0.9876787066459656
9,1,Full-Synthetic,1,Full-Synthetic,1,Fake,1,Fake,0.9988247752189636,0.0011751954443752766,0.9988247752189636
9,1,Full-Synthetic,1,Full-Synthetic,1,Fake,1,Fake,0.9975858926773071,0.002414115471765399,0.9975858926773071
9,1,Full-Synthetic,1,Full-Synthetic,1,Fake,1,Fake,0.9945191144943237,0.005480925086885691,0.9945191144943237
9,0,Real,2,Tampered,0,Real,1,Fake,0.8080934882164001,0.19190655648708344,0.8080934882164001
9,0,Real,0,Real,0,Real,0,Real,0.766223132610321,0.766223132610321,0.23377688229084015
9,0,Real,0,Real,0,Real,0,Real,0.9313340783119202,0.9313340783119202,0.06866592168807983
9,0,Real,0,Real,0,Real,0,Real,0.9387421011924744,0.9387421011924744,0.061257801949977875
9,1,Full-Synthetic,1,Full-Synthetic,1,Fake,1,Fake,0.996109127998352,0.003890860825777054,0.996109127998352
9,0,Real,0,Real,0,Real,0,Real,0.9786943793296814,0.9786943793296814,0.021305566653609276
10,0,Real,0,Real,0,Real,0,Real,0.8758366703987122,0.8758366703987122,0.12416331470012665
10,0,Real,2,Tampered,0,Real,1,Fake,0.9811293482780457,0.018870553001761436,0.9811293482780457
10,0,Real,0,Real,0,Real,0,Real,0.9159725904464722,0.9159725904464722,0.08402740210294724
10,1,Full-Synthetic,1,Full-Synthetic,1,Fake,1,Fake,0.9973738193511963,0.0026261848397552967,0.9973738193511963
10,2,Tampered,2,Tampered,1,Fake,1,Fake,0.9382830262184143,0.06171701103448868,0.9382830262184143
10,1,Full-Synthetic,1,Full-Synthetic,1,Fake,1,Fake,0.9966268539428711,0.003373171901330352,0.9966268539428711
10,0,Real,0,Real,0,Real,0,Real,0.7243009209632874,0.7243009209632874,0.27569904923439026
10,0,Real,1,Full-Synthetic,0,Real,1,Fake,0.5640698671340942,0.43593016266822815,0.5640698671340942
10,1,Full-Synthetic,1,Full-Synthetic,1,Fake,1,Fake,0.9990467429161072,0.0009531797841191292,0.9990467429161072
10,0,Real,0,Real,0,Real,0,Real,0.9286748170852661,0.9286748170852661,0.07132519781589508
10,1,Full-Synthetic,1,Full-Synthetic,1,Fake,1,Fake,0.9940603375434875,0.00593971461057663,0.9940603375434875
10,0,Real,0,Real,0,Real,0,Real,0.6036311388015747,0.6036311388015747,0.3963688611984253
10,1,Full-Synthetic,1,Full-Synthetic,1,Fake,1,Fake,0.9740853905677795,0.02591467835009098,0.9740853905677795
10,1,Full-Synthetic,1,Full-Synthetic,1,Fake,1,Fake,0.9965398907661438,0.0034600733779370785,0.9965398907661438
10,0,Real,0,Real,0,Real,0,Real,0.9806457161903381,0.9806457161903381,0.01935439370572567
10,0,Real,0,Real,0,Real,0,Real,0.9673081040382385,0.9673081040382385,0.03269193693995476
10,1,Full-Synthetic,1,Full-Synthetic,1,Fake,1,Fake,0.9988982677459717,0.0011017622891813517,0.9988982677459717
10,1,Full-Synthetic,1,Full-Synthetic,1,Fake,1,Fake,0.9941012263298035,0.005898732226341963,0.9941012263298035
10,2,Tampered,0,Real,1,Fake,0,Real,0.5541778802871704,0.5541778802871704,0.4458220601081848
10,1,Full-Synthetic,1,Full-Synthetic,1,Fake,1,Fake,0.9971800446510315,0.0028199239168316126,0.9971800446510315
10,0,Real,0,Real,0,Real,0,Real,0.9529078602790833,0.9529078602790833,0.04709208384156227
10,0,Real,2,Tampered,0,Real,1,Fake,0.7322887182235718,0.2677112817764282,0.7322887182235718
10,0,Real,0,Real,0,Real,0,Real,0.8782898783683777,0.8782898783683777,0.1217101663351059
10,0,Real,2,Tampered,0,Real,1,Fake,0.6736522316932678,0.32634782791137695,0.6736522316932678
10,0,Real,0,Real,0,Real,0,Real,0.9778105020523071,0.9778105020523071,0.022189579904079437
10,0,Real,0,Real,0,Real,0,Real,0.9485796093940735,0.9485796093940735,0.051420412957668304
10,1,Full-Synthetic,1,Full-Synthetic,1,Fake,1,Fake,0.9785623550415039,0.021437598392367363,0.9785623550415039
10,2,Tampered,2,Tampered,1,Fake,1,Fake,0.8653368949890137,0.13466303050518036,0.8653368949890137
10,0,Real,2,Tampered,0,Real,1,Fake,0.73540198802948,0.26459798216819763,0.73540198802948
10,2,Tampered,2,Tampered,1,Fake,1,Fake,0.7913493514060974,0.2086506336927414,0.7913493514060974
10,0,Real,2,Tampered,0,Real,1,Fake,0.6067113876342773,0.39328864216804504,0.6067113876342773
10,0,Real,2,Tampered,0,Real,1,Fake,0.889815092086792,0.11018496006727219,0.889815092086792
11,2,Tampered,2,Tampered,1,Fake,1,Fake,0.8799344301223755,0.12006562203168869,0.8799344301223755
11,0,Real,0,Real,0,Real,0,Real,0.542389988899231,0.542389988899231,0.45760995149612427
11,0,Real,0,Real,0,Real,0,Real,0.9723131060600281,0.9723131060600281,0.02768687717616558
11,0,Real,0,Real,0,Real,0,Real,0.8567834496498108,0.8567834496498108,0.14321652054786682
11,0,Real,0,Real,0,Real,0,Real,0.7005471587181091,0.7005471587181091,0.29945290088653564
11,0,Real,0,Real,0,Real,0,Real,0.9577815532684326,0.9577815532684326,0.0422184094786644
11,0,Real,0,Real,0,Real,0,Real,0.9752757549285889,0.9752757549285889,0.024724313989281654
11,0,Real,0,Real,0,Real,0,Real,0.535711944103241,0.535711944103241,0.4642881155014038
11,0,Real,0,Real,0,Real,0,Real,0.9045137763023376,0.9045137763023376,0.09548630565404892
11,1,Full-Synthetic,1,Full-Synthetic,1,Fake,1,Fake,0.995071530342102,0.004928464535623789,0.995071530342102
11,0,Real,2,Tampered,0,Real,1,Fake,0.6257055997848511,0.3742944598197937,0.6257055997848511
11,0,Real,2,Tampered,0,Real,1,Fake,0.8829441070556641,0.11705594509840012,0.8829441070556641
11,0,Real,0,Real,0,Real,0,Real,0.9739475250244141,0.9739475250244141,0.026052504777908325
11,0,Real,2,Tampered,0,Real,1,Fake,0.8658954501152039,0.1341046243906021,0.8658954501152039
11,2,Tampered,2,Tampered,1,Fake,1,Fake,0.7570716142654419,0.24292846024036407,0.7570716142654419
11,0,Real,0,Real,0,Real,0,Real,0.7773602604866028,0.7773602604866028,0.22263981401920319
11,0,Real,0,Real,0,Real,0,Real,0.850779116153717,0.850779116153717,0.14922085404396057
11,2,Tampered,0,Real,1,Fake,0,Real,0.803931474685669,0.803931474685669,0.19606852531433105
11,0,Real,0,Real,0,Real,0,Real,0.9548808336257935,0.9548808336257935,0.045119136571884155
11,1,Full-Synthetic,1,Full-Synthetic,1,Fake,1,Fake,0.9952356219291687,0.004764301236718893,0.9952356219291687
11,0,Real,0,Real,0,Real,0,Real,0.7029168009757996,0.7029168009757996,0.29708319902420044
11,0,Real,0,Real,0,Real,0,Real,0.7568685412406921,0.7568685412406921,0.24313148856163025
11,0,Real,0,Real,0,Real,0,Real,0.9249539375305176,0.9249539375305176,0.07504607737064362
11,1,Full-Synthetic,1,Full-Synthetic,1,Fake,1,Fake,0.9958170056343079,0.004183041397482157,0.9958170056343079
11,0,Real,0,Real,0,Real,1,Fake,0.5326128005981445,0.46738722920417786,0.5326128005981445
11,0,Real,0,Real,0,Real,0,Real,0.7632596492767334,0.7632596492767334,0.2367403358221054
11,2,Tampered,0,Real,1,Fake,0,Real,0.8292989730834961,0.8292989730834961,0.1707010269165039
11,2,Tampered,2,Tampered,1,Fake,1,Fake,0.945694088935852,0.054305944591760635,0.945694088935852
11,0,Real,0,Real,0,Real,0,Real,0.891213059425354,0.891213059425354,0.10878695547580719
11,0,Real,0,Real,0,Real,0,Real,0.9603250026702881,0.9603250026702881,0.03967500105500221
11,2,Tampered,2,Tampered,1,Fake,1,Fake,0.9522661566734314,0.04773377999663353,0.9522661566734314
11,0,Real,0,Real,0,Real,0,Real,0.9619820713996887,0.9619820713996887,0.03801782429218292
12,0,Real,0,Real,0,Real,0,Real,0.9733649492263794,0.9733649492263794,0.026634983718395233
12,2,Tampered,2,Tampered,1,Fake,1,Fake,0.6315281987190247,0.3684718608856201,0.6315281987190247
12,1,Full-Synthetic,1,Full-Synthetic,1,Fake,1,Fake,0.9850266575813293,0.014973352663218975,0.9850266575813293
12,0,Real,0,Real,0,Real,0,Real,0.8776083588600159,0.8776083588600159,0.12239158898591995
12,2,Tampered,0,Real,1,Fake,1,Fake,0.5659269690513611,0.4340730309486389,0.5659269690513611
12,2,Tampered,2,Tampered,1,Fake,1,Fake,0.800137996673584,0.19986200332641602,0.800137996673584
12,0,Real,0,Real,0,Real,0,Real,0.5661298632621765,0.5661298632621765,0.4338701069355011
12,0,Real,0,Real,0,Real,0,Real,0.9594537615776062,0.9594537615776062,0.040546201169490814
12,1,Full-Synthetic,1,Full-Synthetic,1,Fake,1,Fake,0.9961860179901123,0.003814037423580885,0.9961860179901123
12,0,Real,0,Real,0,Real,0,Real,0.5362280607223511,0.5362280607223511,0.4637719392776489
12,1,Full-Synthetic,1,Full-Synthetic,1,Fake,1,Fake,0.9988663196563721,0.0011336641618981957,0.9988663196563721
12,0,Real,0,Real,0,Real,0,Real,0.9648101925849915,0.9648101925849915,0.035189736634492874
12,0,Real,0,Real,0,Real,0,Real,0.9739141464233398,0.9739141464233398,0.026085902005434036
12,0,Real,0,Real,0,Real,0,Real,0.8908026814460754,0.8908026814460754,0.10919731110334396
12,2,Tampered,2,Tampered,1,Fake,1,Fake,0.9997462630271912,0.0002537145046517253,0.9997462630271912
12,2,Tampered,2,Tampered,1,Fake,1,Fake,0.9963114857673645,0.003688541706651449,0.9963114857673645
12,0,Real,0,Real,0,Real,0,Real,0.6117901802062988,0.6117901802062988,0.38820990920066833
12,0,Real,0,Real,0,Real,0,Real,0.5841168165206909,0.5841168165206909,0.4158831834793091
12,1,Full-Synthetic,1,Full-Synthetic,1,Fake,1,Fake,0.9890235662460327,0.010976388119161129,0.9890235662460327
12,1,Full-Synthetic,1,Full-Synthetic,1,Fake,1,Fake,0.9960737228393555,0.0039262170903384686,0.9960737228393555
12,1,Full-Synthetic,1,Full-Synthetic,1,Fake,1,Fake,0.9982092380523682,0.001790765207260847,0.9982092380523682
12,1,Full-Synthetic,1,Full-Synthetic,1,Fake,1,Fake,0.9947221875190735,0.005277738440781832,0.9947221875190735
12,2,Tampered,2,Tampered,1,Fake,1,Fake,0.5751297473907471,0.4248702824115753,0.5751297473907471
12,0,Real,0,Real,0,Real,0,Real,0.9284117817878723,0.9284117817878723,0.0715881735086441
12,0,Real,0,Real,0,Real,0,Real,0.7150033712387085,0.7150033712387085,0.2849966883659363
12,1,Full-Synthetic,1,Full-Synthetic,1,Fake,1,Fake,0.9925879836082458,0.00741202849894762,0.9925879836082458
12,1,Full-Synthetic,1,Full-Synthetic,1,Fake,1,Fake,0.9851061105728149,0.01489381492137909,0.9851061105728149
12,2,Tampered,0,Real,1,Fake,0,Real,0.9461202621459961,0.9461202621459961,0.0538797527551651
12,2,Tampered,2,Tampered,1,Fake,1,Fake,0.8704013824462891,0.12959860265254974,0.8704013824462891
12,0,Real,0,Real,0,Real,0,Real,0.6086733341217041,0.6086733341217041,0.3913266658782959
12,2,Tampered,2,Tampered,1,Fake,1,Fake,0.8388128876686096,0.16118702292442322,0.8388128876686096
12,1,Full-Synthetic,1,Full-Synthetic,1,Fake,1,Fake,0.9971160292625427,0.00288395956158638,0.9971160292625427
13,1,Full-Synthetic,1,Full-Synthetic,1,Fake,1,Fake,0.9910134077072144,0.008986571803689003,0.9910134077072144
13,2,Tampered,2,Tampered,1,Fake,1,Fake,0.8822458982467651,0.11775415390729904,0.8822458982467651
13,1,Full-Synthetic,1,Full-Synthetic,1,Fake,1,Fake,0.9924777746200562,0.00752214714884758,0.9924777746200562
13,0,Real,0,Real,0,Real,0,Real,0.9767845273017883,0.9767845273017883,0.023215480148792267
13,0,Real,0,Real,0,Real,0,Real,0.925187885761261,0.925187885761261,0.0748121589422226
13,1,Full-Synthetic,1,Full-Synthetic,1,Fake,1,Fake,0.981280505657196,0.01871945895254612,0.981280505657196
13,0,Real,0,Real,0,Real,0,Real,0.6949154734611511,0.6949154734611511,0.3050845265388489
13,1,Full-Synthetic,1,Full-Synthetic,1,Fake,1,Fake,0.995778501033783,0.004221481736749411,0.995778501033783
13,0,Real,0,Real,0,Real,0,Real,0.8572178483009338,0.8572178483009338,0.14278218150138855
13,0,Real,0,Real,0,Real,0,Real,0.97032231092453,0.97032231092453,0.02967769280076027
13,0,Real,2,Tampered,0,Real,1,Fake,0.6767415404319763,0.32325848937034607,0.6767415404319763
13,0,Real,0,Real,0,Real,0,Real,0.9571196436882019,0.9571196436882019,0.042880360037088394
13,1,Full-Synthetic,1,Full-Synthetic,1,Fake,1,Fake,0.9735342264175415,0.026465803384780884,0.9735342264175415
13,0,Real,0,Real,0,Real,0,Real,0.8222940564155579,0.8222940564155579,0.1777060329914093
13,0,Real,0,Real,0,Real,0,Real,0.5987394452095032,0.5987394452095032,0.40126052498817444
13,0,Real,0,Real,0,Real,0,Real,0.9415137767791748,0.9415137767791748,0.05848618224263191
13,0,Real,0,Real,0,Real,0,Real,0.946801483631134,0.946801483631134,0.05319861322641373
13,0,Real,0,Real,0,Real,0,Real,0.7158094644546509,0.7158094644546509,0.2841905951499939
13,0,Real,0,Real,0,Real,0,Real,0.9158033728599548,0.9158033728599548,0.084196537733078
13,0,Real,0,Real,0,Real,0,Real,0.9729679822921753,0.9729679822921753,0.027031997218728065
13,0,Real,0,Real,0,Real,0,Real,0.9688910245895386,0.9688910245895386,0.031108954921364784
13,0,Real,2,Tampered,0,Real,1,Fake,0.7679680585861206,0.2320318967103958,0.7679680585861206
13,2,Tampered,0,Real,1,Fake,0,Real,0.9466452598571777,0.9466452598571777,0.053354743868112564
13,1,Full-Synthetic,1,Full-Synthetic,1,Fake,1,Fake,0.9993178248405457,0.0006821700371801853,0.9993178248405457
13,0,Real,0,Real,0,Real,0,Real,0.9487188458442688,0.9487188458442688,0.05128109082579613
13,1,Full-Synthetic,1,Full-Synthetic,1,Fake,1,Fake,0.9939911961555481,0.006008828058838844,0.9939911961555481
13,2,Tampered,2,Tampered,1,Fake,1,Fake,0.7858188152313232,0.21418118476867676,0.7858188152313232
13,1,Full-Synthetic,1,Full-Synthetic,1,Fake,1,Fake,0.9991592764854431,0.0008407241548411548,0.9991592764854431
13,1,Full-Synthetic,1,Full-Synthetic,1,Fake,1,Fake,0.9833199977874756,0.01668005995452404,0.9833199977874756
13,1,Full-Synthetic,1,Full-Synthetic,1,Fake,1,Fake,0.9937886595726013,0.006211339496076107,0.9937886595726013
13,1,Full-Synthetic,1,Full-Synthetic,1,Fake,1,Fake,0.995385468006134,0.00461454875767231,0.995385468006134
13,0,Real,0,Real,0,Real,0,Real,0.9658898115158081,0.9658898115158081,0.034110233187675476
14,1,Full-Synthetic,1,Full-Synthetic,1,Fake,1,Fake,0.9979767799377441,0.002023265929892659,0.9979767799377441
14,1,Full-Synthetic,1,Full-Synthetic,1,Fake,1,Fake,0.9966720938682556,0.0033278879709541798,0.9966720938682556
14,1,Full-Synthetic,1,Full-Synthetic,1,Fake,1,Fake,0.9979298114776611,0.0020701864268630743,0.9979298114776611
14,2,Tampered,2,Tampered,1,Fake,1,Fake,0.9048004150390625,0.09519961476325989,0.9048004150390625
14,0,Real,0,Real,0,Real,0,Real,0.9021022319793701,0.9021022319793701,0.09789776057004929
14,0,Real,0,Real,0,Real,0,Real,0.7437794804573059,0.7437794804573059,0.2562205195426941
14,0,Real,2,Tampered,0,Real,1,Fake,0.547569990158081,0.45242995023727417,0.547569990158081
14,1,Full-Synthetic,1,Full-Synthetic,1,Fake,1,Fake,0.99583500623703,0.004165024030953646,0.99583500623703
14,2,Tampered,2,Tampered,1,Fake,1,Fake,0.6265425086021423,0.37345755100250244,0.6265425086021423
14,1,Full-Synthetic,1,Full-Synthetic,1,Fake,1,Fake,0.9984744787216187,0.0015254659811034799,0.9984744787216187
14,0,Real,0,Real,0,Real,0,Real,0.9856557846069336,0.9856557846069336,0.01434426661580801
14,0,Real,2,Tampered,0,Real,1,Fake,0.9374087452888489,0.06259128451347351,0.9374087452888489
14,0,Real,0,Real,0,Real,0,Real,0.9519091248512268,0.9519091248512268,0.04809089004993439
14,0,Real,0,Real,0,Real,0,Real,0.975498616695404,0.975498616695404,0.024501441046595573
14,1,Full-Synthetic,1,Full-Synthetic,1,Fake,1,Fake,0.9945124387741089,0.005487572867423296,0.9945124387741089
14,2,Tampered,2,Tampered,1,Fake,1,Fake,0.9978106021881104,0.0021893426310271025,0.9978106021881104
14,0,Real,0,Real,0,Real,0,Real,0.8061065673828125,0.8061065673828125,0.1938934624195099
14,0,Real,0,Real,0,Real,0,Real,0.8864645957946777,0.8864645957946777,0.11353542655706406
14,0,Real,0,Real,0,Real,0,Real,0.9569684863090515,0.9569684863090515,0.0430314801633358
14,0,Real,0,Real,0,Real,0,Real,0.5046204328536987,0.5046204328536987,0.49537956714630127
14,1,Full-Synthetic,1,Full-Synthetic,1,Fake,1,Fake,0.9981505274772644,0.0018494370160624385,0.9981505274772644
14,0,Real,1,Full-Synthetic,0,Real,1,Fake,0.5722039341926575,0.42779606580734253,0.5722039341926575
14,0,Real,0,Real,0,Real,0,Real,0.9623364806175232,0.9623364806175232,0.03766348958015442
14,0,Real,0,Real,0,Real,0,Real,0.7992388606071472,0.7992388606071472,0.20076118409633636
14,2,Tampered,0,Real,1,Fake,0,Real,0.5310171246528625,0.5310171246528625,0.46898284554481506
14,0,Real,0,Real,0,Real,0,Real,0.9530920386314392,0.9530920386314392,0.046907953917980194
14,0,Real,0,Real,0,Real,0,Real,0.8771296143531799,0.8771296143531799,0.12287034839391708
14,2,Tampered,0,Real,1,Fake,0,Real,0.6350422501564026,0.6350422501564026,0.36495769023895264
14,2,Tampered,1,Full-Synthetic,1,Fake,1,Fake,0.9254154562950134,0.07458451390266418,0.9254154562950134
14,2,Tampered,2,Tampered,1,Fake,1,Fake,0.943001925945282,0.05699801817536354,0.943001925945282
14,1,Full-Synthetic,1,Full-Synthetic,1,Fake,1,Fake,0.9957296848297119,0.004270373377948999,0.9957296848297119
14,1,Full-Synthetic,1,Full-Synthetic,1,Fake,1,Fake,0.9841949343681335,0.015804989263415337,0.9841949343681335
15,1,Full-Synthetic,1,Full-Synthetic,1,Fake,1,Fake,0.9920675158500671,0.007932508364319801,0.9920675158500671
15,0,Real,2,Tampered,0,Real,1,Fake,0.8780462741851807,0.12195371836423874,0.8780462741851807
15,0,Real,0,Real,0,Real,0,Real,0.9506915807723999,0.9506915807723999,0.04930838197469711
15,0,Real,2,Tampered,0,Real,1,Fake,0.9949252605438232,0.0050747692584991455,0.9949252605438232
15,1,Full-Synthetic,1,Full-Synthetic,1,Fake,1,Fake,0.9966440796852112,0.0033559221774339676,0.9966440796852112
15,0,Real,2,Tampered,0,Real,1,Fake,0.9089107513427734,0.09108921140432358,0.9089107513427734
15,0,Real,0,Real,0,Real,0,Real,0.9579871892929077,0.9579871892929077,0.0420127809047699
15,0,Real,0,Real,0,Real,0,Real,0.8836899399757385,0.8836899399757385,0.11631006002426147
15,0,Real,0,Real,0,Real,0,Real,0.9148916006088257,0.9148916006088257,0.08510839194059372
15,0,Real,0,Real,0,Real,0,Real,0.637276291847229,0.637276291847229,0.3627237379550934
15,2,Tampered,2,Tampered,1,Fake,1,Fake,0.9873006939888,0.012699221260845661,0.9873006939888
15,1,Full-Synthetic,1,Full-Synthetic,1,Fake,1,Fake,0.9920158982276917,0.007984123192727566,0.9920158982276917
15,2,Tampered,2,Tampered,1,Fake,1,Fake,0.9795733094215393,0.020426621660590172,0.9795733094215393
15,0,Real,0,Real,0,Real,0,Real,0.9637045860290527,0.9637045860290527,0.036295436322689056
15,0,Real,0,Real,0,Real,0,Real,0.8886396288871765,0.8886396288871765,0.11136043816804886
15,0,Real,0,Real,0,Real,0,Real,0.8956801295280457,0.8956801295280457,0.10431976616382599
15,0,Real,2,Tampered,0,Real,1,Fake,0.8002769947052002,0.199723020195961,0.8002769947052002
15,0,Real,0,Real,0,Real,0,Real,0.9094781279563904,0.9094781279563904,0.09052188694477081
15,2,Tampered,2,Tampered,1,Fake,1,Fake,0.9722388386726379,0.02776114083826542,0.9722388386726379
15,2,Tampered,2,Tampered,1,Fake,1,Fake,0.8623892068862915,0.13761082291603088,0.8623892068862915
15,1,Full-Synthetic,1,Full-Synthetic,1,Fake,1,Fake,0.9979118704795837,0.0020881870295852423,0.9979118704795837
15,0,Real,0,Real,0,Real,0,Real,0.9153875708580017,0.9153875708580017,0.0846123993396759
15,0,Real,0,Real,0,Real,0,Real,0.8359730243682861,0.8359730243682861,0.16402699053287506
15,2,Tampered,0,Real,1,Fake,0,Real,0.9763027429580688,0.9763027429580688,0.02369719184935093
15,2,Tampered,0,Real,1,Fake,0,Real,0.8359871506690979,0.8359871506690979,0.1640128344297409
15,2,Tampered,2,Tampered,1,Fake,1,Fake,0.9359750151634216,0.06402488052845001,0.9359750151634216
15,1,Full-Synthetic,1,Full-Synthetic,1,Fake,1,Fake,0.990914523601532,0.009085474535822868,0.990914523601532
15,0,Real,0,Real,0,Real,0,Real,0.973719596862793,0.973719596862793,0.02628038451075554
15,2,Tampered,2,Tampered,1,Fake,1,Fake,0.932289183139801,0.06771086156368256,0.932289183139801
15,2,Tampered,0,Real,1,Fake,1,Fake,0.5332785248756409,0.46672147512435913,0.5332785248756409
15,0,Real,0,Real,0,Real,0,Real,0.9748131036758423,0.9748131036758423,0.02518685720860958
15,1,Full-Synthetic,1,Full-Synthetic,1,Fake,1,Fake,0.994350016117096,0.005650028120726347,0.994350016117096
16,0,Real,0,Real,0,Real,0,Real,0.6633948683738708,0.6633948683738708,0.33660513162612915
16,0,Real,0,Real,0,Real,0,Real,0.9585340619087219,0.9585340619087219,0.04146593436598778
16,0,Real,2,Tampered,0,Real,1,Fake,0.5501297116279602,0.4498702883720398,0.5501297116279602
16,2,Tampered,2,Tampered,1,Fake,1,Fake,0.8728177547454834,0.12718218564987183,0.8728177547454834
16,0,Real,0,Real,0,Real,0,Real,0.676002025604248,0.676002025604248,0.3239979147911072
16,0,Real,0,Real,0,Real,0,Real,0.946108877658844,0.946108877658844,0.0538911372423172
16,2,Tampered,2,Tampered,1,Fake,1,Fake,0.810455858707428,0.18954412639141083,0.810455858707428
16,0,Real,0,Real,0,Real,0,Real,0.6885005235671997,0.6885005235671997,0.3114994466304779
16,0,Real,0,Real,0,Real,0,Real,0.9557883143424988,0.9557883143424988,0.04421177878975868
16,1,Full-Synthetic,1,Full-Synthetic,1,Fake,1,Fake,0.9958480000495911,0.004152023233473301,0.9958480000495911
16,2,Tampered,2,Tampered,1,Fake,1,Fake,0.9794836044311523,0.020516427233815193,0.9794836044311523
16,0,Real,2,Tampered,0,Real,1,Fake,0.7882180213928223,0.21178197860717773,0.7882180213928223
16,0,Real,0,Real,0,Real,0,Real,0.9706680178642273,0.9706680178642273,0.029331916943192482
16,1,Full-Synthetic,1,Full-Synthetic,1,Fake,1,Fake,0.9733374714851379,0.026662541553378105,0.9733374714851379
16,2,Tampered,2,Tampered,1,Fake,1,Fake,0.7015947699546814,0.298405259847641,0.7015947699546814
16,0,Real,0,Real,0,Real,0,Real,0.9163694381713867,0.9163694381713867,0.08363056927919388
16,1,Full-Synthetic,1,Full-Synthetic,1,Fake,1,Fake,0.9882864952087402,0.01171352993696928,0.9882864952087402
16,0,Real,0,Real,0,Real,0,Real,0.9283785820007324,0.9283785820007324,0.07162138819694519
16,1,Full-Synthetic,1,Full-Synthetic,1,Fake,1,Fake,0.9943350553512573,0.005664941389113665,0.9943350553512573
16,0,Real,0,Real,0,Real,0,Real,0.6738056540489197,0.6738056540489197,0.3261943459510803
16,1,Full-Synthetic,1,Full-Synthetic,1,Fake,1,Fake,0.9974350929260254,0.0025648768059909344,0.9974350929260254
16,0,Real,0,Real,0,Real,0,Real,0.9645751118659973,0.9645751118659973,0.0354248471558094
16,2,Tampered,0,Real,1,Fake,0,Real,0.92974853515625,0.92974853515625,0.07025135308504105
16,0,Real,0,Real,0,Real,0,Real,0.9570704102516174,0.9570704102516174,0.042929619550704956
16,0,Real,0,Real,0,Real,0,Real,0.6937745809555054,0.6937745809555054,0.3062255084514618
16,0,Real,0,Real,0,Real,0,Real,0.9739254713058472,0.9739254713058472,0.026074599474668503
16,1,Full-Synthetic,1,Full-Synthetic,1,Fake,1,Fake,0.9894958138465881,0.01050420943647623,0.9894958138465881
16,0,Real,1,Full-Synthetic,0,Real,1,Fake,0.9342727661132812,0.06572718918323517,0.9342727661132812
16,0,Real,0,Real,0,Real,0,Real,0.9628152847290039,0.9628152847290039,0.03718463331460953
16,0,Real,0,Real,0,Real,0,Real,0.7145951986312866,0.7145951986312866,0.28540486097335815
16,0,Real,0,Real,0,Real,0,Real,0.8784924745559692,0.8784924745559692,0.12150751054286957
16,0,Real,2,Tampered,0,Real,1,Fake,0.6869065761566162,0.3130934238433838,0.6869065761566162
17,0,Real,0,Real,0,Real,0,Real,0.6478965878486633,0.6478965878486633,0.35210341215133667
17,2,Tampered,2,Tampered,1,Fake,1,Fake,0.9298534989356995,0.07014646381139755,0.9298534989356995
17,1,Full-Synthetic,1,Full-Synthetic,1,Fake,1,Fake,0.9979913830757141,0.0020086285658180714,0.9979913830757141
17,2,Tampered,2,Tampered,1,Fake,1,Fake,0.9933752417564392,0.0066248588263988495,0.9933752417564392
17,1,Full-Synthetic,1,Full-Synthetic,1,Fake,1,Fake,0.9915673732757568,0.00843263603746891,0.9915673732757568
17,0,Real,0,Real,0,Real,0,Real,0.8524085283279419,0.8524085283279419,0.1475915014743805
17,0,Real,0,Real,0,Real,0,Real,0.9763898849487305,0.9763898849487305,0.023610062897205353
17,0,Real,2,Tampered,0,Real,1,Fake,0.6475626230239868,0.3524373471736908,0.6475626230239868
17,1,Full-Synthetic,1,Full-Synthetic,1,Fake,1,Fake,0.9970136284828186,0.002986309351399541,0.9970136284828186
17,0,Real,2,Tampered,0,Real,1,Fake,0.9608011245727539,0.039198946207761765,0.9608011245727539
17,2,Tampered,2,Tampered,1,Fake,1,Fake,0.7941367626190186,0.20586323738098145,0.7941367626190186
17,2,Tampered,0,Real,1,Fake,0,Real,0.6237215995788574,0.6237215995788574,0.37627843022346497
17,0,Real,1,Full-Synthetic,0,Real,1,Fake,0.8369401693344116,0.16305981576442719,0.8369401693344116
17,0,Real,0,Real,0,Real,0,Real,0.8733170628547668,0.8733170628547668,0.126682847738266
17,0,Real,0,Real,0,Real,0,Real,0.7700389623641968,0.7700389623641968,0.2299611121416092
17,0,Real,0,Real,0,Real,0,Real,0.8412824869155884,0.8412824869155884,0.15871749818325043
17,0,Real,0,Real,0,Real,0,Real,0.6704988479614258,0.6704988479614258,0.32950112223625183
17,2,Tampered,2,Tampered,1,Fake,1,Fake,0.7490997314453125,0.2509002983570099,0.7490997314453125
17,2,Tampered,0,Real,1,Fake,0,Real,0.7784773707389832,0.7784773707389832,0.22152270376682281
17,1,Full-Synthetic,1,Full-Synthetic,1,Fake,1,Fake,0.999030590057373,0.0009694180334918201,0.999030590057373
17,0,Real,2,Tampered,0,Real,1,Fake,0.8831416368484497,0.11685843765735626,0.8831416368484497
17,0,Real,2,Tampered,0,Real,1,Fake,0.5343765616416931,0.4656234085559845,0.5343765616416931
17,1,Full-Synthetic,1,Full-Synthetic,1,Fake,1,Fake,0.9966157674789429,0.003384172450751066,0.9966157674789429
17,0,Real,0,Real,0,Real,0,Real,0.982759952545166,0.982759952545166,0.017240028828382492
17,0,Real,0,Real,0,Real,0,Real,0.967549204826355,0.967549204826355,0.03245076537132263
17,2,Tampered,2,Tampered,1,Fake,1,Fake,0.9906598329544067,0.009340177290141582,0.9906598329544067
17,0,Real,0,Real,0,Real,0,Real,0.9007181525230408,0.9007181525230408,0.09928185492753983
17,0,Real,0,Real,0,Real,0,Real,0.8724672794342041,0.8724672794342041,0.12753266096115112
17,2,Tampered,2,Tampered,1,Fake,1,Fake,0.9983847737312317,0.0016151476884260774,0.9983847737312317
17,0,Real,0,Real,0,Real,0,Real,0.953464686870575,0.953464686870575,0.04653525725007057
17,0,Real,0,Real,0,Real,0,Real,0.9358006715774536,0.9358006715774536,0.06419939547777176
17,2,Tampered,2,Tampered,1,Fake,1,Fake,0.9919770956039429,0.008022909052670002,0.9919770956039429
18,0,Real,0,Real,0,Real,0,Real,0.9521005749702454,0.9521005749702454,0.04789935052394867
18,0,Real,0,Real,0,Real,0,Real,0.9855087399482727,0.9855087399482727,0.014491225592792034
18,0,Real,0,Real,0,Real,0,Real,0.8670051097869873,0.8670051097869873,0.13299500942230225
18,1,Full-Synthetic,1,Full-Synthetic,1,Fake,1,Fake,0.9936198592185974,0.006380099803209305,0.9936198592185974
18,0,Real,0,Real,0,Real,0,Real,0.6379451751708984,0.6379451751708984,0.36205482482910156
18,0,Real,2,Tampered,0,Real,1,Fake,0.9199966192245483,0.08000340312719345,0.9199966192245483
18,2,Tampered,2,Tampered,1,Fake,1,Fake,0.9394161701202393,0.06058390066027641,0.9394161701202393
18,2,Tampered,2,Tampered,1,Fake,1,Fake,0.955496609210968,0.04450337588787079,0.955496609210968
18,2,Tampered,2,Tampered,1,Fake,1,Fake,0.9828066229820251,0.017193414270877838,0.9828066229820251
18,0,Real,0,Real,0,Real,0,Real,0.9479734897613525,0.9479734897613525,0.052026502788066864
18,1,Full-Synthetic,1,Full-Synthetic,1,Fake,1,Fake,0.996735155582428,0.0032647999469190836,0.996735155582428
18,1,Full-Synthetic,1,Full-Synthetic,1,Fake,1,Fake,0.9916942715644836,0.008305755443871021,0.9916942715644836
18,0,Real,0,Real,0,Real,0,Real,0.973658561706543,0.973658561706543,0.026341451331973076
18,0,Real,0,Real,0,Real,0,Real,0.9356976747512817,0.9356976747512817,0.06430238485336304
18,0,Real,1,Full-Synthetic,0,Real,1,Fake,0.6923292279243469,0.30767083168029785,0.6923292279243469
18,2,Tampered,2,Tampered,1,Fake,1,Fake,0.9496221542358398,0.05037785321474075,0.9496221542358398
18,1,Full-Synthetic,1,Full-Synthetic,1,Fake,1,Fake,0.9987406730651855,0.001259234151802957,0.9987406730651855
18,2,Tampered,2,Tampered,1,Fake,1,Fake,0.9951726794242859,0.0048273662105202675,0.9951726794242859
18,2,Tampered,2,Tampered,1,Fake,1,Fake,0.9913371801376343,0.008662845008075237,0.9913371801376343
18,0,Real,0,Real,0,Real,0,Real,0.8775768876075745,0.8775768876075745,0.12242308259010315
18,0,Real,0,Real,0,Real,0,Real,0.9569861888885498,0.9569861888885498,0.04301384091377258
18,1,Full-Synthetic,1,Full-Synthetic,1,Fake,1,Fake,0.9981999397277832,0.001800099154934287,0.9981999397277832
18,1,Full-Synthetic,1,Full-Synthetic,1,Fake,1,Fake,0.9933938384056091,0.006606211885809898,0.9933938384056091
18,1,Full-Synthetic,1,Full-Synthetic,1,Fake,1,Fake,0.9876840710639954,0.012315877713263035,0.9876840710639954
18,0,Real,0,Real,0,Real,0,Real,0.9519006013870239,0.9519006013870239,0.04809936508536339
18,0,Real,0,Real,0,Real,0,Real,0.5957947969436646,0.5957947969436646,0.4042051434516907
18,0,Real,0,Real,0,Real,0,Real,0.9664323925971985,0.9664323925971985,0.033567652106285095
18,0,Real,2,Tampered,0,Real,1,Fake,0.5100463628768921,0.4899536073207855,0.5100463628768921
18,1,Full-Synthetic,1,Full-Synthetic,1,Fake,1,Fake,0.9856927990913391,0.014307253062725067,0.9856927990913391
18,2,Tampered,2,Tampered,1,Fake,1,Fake,0.9924950003623962,0.007504986133426428,0.9924950003623962
18,0,Real,0,Real,0,Real,0,Real,0.9764119386672974,0.9764119386672974,0.023588117212057114
18,0,Real,0,Real,0,Real,0,Real,0.8468121290206909,0.8468121290206909,0.15318793058395386
19,1,Full-Synthetic,1,Full-Synthetic,1,Fake,1,Fake,0.9936668872833252,0.006333125289529562,0.9936668872833252
19,1,Full-Synthetic,1,Full-Synthetic,1,Fake,1,Fake,0.9925007224082947,0.00749927619472146,0.9925007224082947
19,0,Real,0,Real,0,Real,0,Real,0.8534878492355347,0.8534878492355347,0.14651212096214294
19,0,Real,0,Real,0,Real,0,Real,0.687057614326477,0.687057614326477,0.3129424452781677
19,2,Tampered,2,Tampered,1,Fake,1,Fake,0.8287498950958252,0.1712501347064972,0.8287498950958252
19,1,Full-Synthetic,1,Full-Synthetic,1,Fake,1,Fake,0.9869092702865601,0.013090686872601509,0.9869092702865601
19,1,Full-Synthetic,1,Full-Synthetic,1,Fake,1,Fake,0.997173547744751,0.0028264042921364307,0.997173547744751
19,1,Full-Synthetic,1,Full-Synthetic,1,Fake,1,Fake,0.9449223279953003,0.055077698081731796,0.9449223279953003
19,2,Tampered,0,Real,1,Fake,0,Real,0.6897591948509216,0.6897591948509216,0.3102407455444336
19,1,Full-Synthetic,1,Full-Synthetic,1,Fake,1,Fake,0.996031641960144,0.003968366887420416,0.996031641960144
19,2,Tampered,0,Real,1,Fake,0,Real,0.5889419913291931,0.5889419913291931,0.4110579490661621
19,0,Real,0,Real,0,Real,0,Real,0.5559613704681396,0.5559613704681396,0.4440385699272156
19,2,Tampered,2,Tampered,1,Fake,1,Fake,0.880595326423645,0.11940469592809677,0.880595326423645
19,0,Real,0,Real,0,Real,0,Real,0.8059518337249756,0.8059518337249756,0.19404816627502441
19,2,Tampered,2,Tampered,1,Fake,1,Fake,0.9949353337287903,0.005064656026661396,0.9949353337287903
19,0,Real,0,Real,0,Real,0,Real,0.9074769616127014,0.9074769616127014,0.09252305328845978
19,0,Real,0,Real,0,Real,0,Real,0.9863862991333008,0.9863862991333008,0.013613693416118622
19,1,Full-Synthetic,1,Full-Synthetic,1,Fake,1,Fake,0.9963603019714355,0.0036396831274032593,0.9963603019714355
19,0,Real,0,Real,0,Real,0,Real,0.9761961698532104,0.9761961698532104,0.023803798481822014
19,2,Tampered,2,Tampered,1,Fake,1,Fake,0.9914242029190063,0.008575744926929474,0.9914242029190063
19,2,Tampered,2,Tampered,1,Fake,1,Fake,0.963323712348938,0.03667628765106201,0.963323712348938
19,1,Full-Synthetic,1,Full-Synthetic,1,Fake,1,Fake,0.9914708733558655,0.008529147133231163,0.9914708733558655
19,2,Tampered,2,Tampered,1,Fake,1,Fake,0.9540045261383057,0.045995406806468964,0.9540045261383057
19,0,Real,0,Real,0,Real,0,Real,0.5840063691139221,0.5840063691139221,0.4159936010837555
19,0,Real,2,Tampered,0,Real,1,Fake,0.8018873333930969,0.19811265170574188,0.8018873333930969
19,1,Full-Synthetic,1,Full-Synthetic,1,Fake,1,Fake,0.9983242750167847,0.0016757029807195067,0.9983242750167847
19,2,Tampered,0,Real,1,Fake,0,Real,0.5948411226272583,0.5948411226272583,0.4051588177680969
19,0,Real,0,Real,0,Real,0,Real,0.7851081490516663,0.7851081490516663,0.21489183604717255
19,0,Real,0,Real,0,Real,0,Real,0.960933268070221,0.960933268070221,0.039066705852746964
19,2,Tampered,2,Tampered,1,Fake,1,Fake,0.9686918258666992,0.03130825608968735,0.9686918258666992
19,0,Real,0,Real,0,Real,0,Real,0.879482626914978,0.879482626914978,0.12051743268966675
19,2,Tampered,2,Tampered,1,Fake,1,Fake,0.9062620401382446,0.09373804926872253,0.9062620401382446
20,0,Real,0,Real,0,Real,0,Real,0.8714851140975952,0.8714851140975952,0.12851496040821075
20,0,Real,0,Real,0,Real,0,Real,0.7207421064376831,0.7207421064376831,0.27925795316696167
20,0,Real,0,Real,0,Real,0,Real,0.8498956561088562,0.8498956561088562,0.1501043140888214
20,2,Tampered,2,Tampered,1,Fake,1,Fake,0.8444319367408752,0.15556809306144714,0.8444319367408752
20,0,Real,0,Real,0,Real,0,Real,0.9251078367233276,0.9251078367233276,0.07489214092493057
20,0,Real,0,Real,0,Real,0,Real,0.9271323084831238,0.9271323084831238,0.07286770641803741
20,2,Tampered,2,Tampered,1,Fake,1,Fake,0.9949765205383301,0.005023503676056862,0.9949765205383301
20,2,Tampered,0,Real,1,Fake,1,Fake,0.5673210620880127,0.43267884850502014,0.5673210620880127
20,1,Full-Synthetic,1,Full-Synthetic,1,Fake,1,Fake,0.9989626407623291,0.0010373217519372702,0.9989626407623291
20,2,Tampered,2,Tampered,1,Fake,1,Fake,0.9644119143486023,0.03558817878365517,0.9644119143486023
20,0,Real,0,Real,0,Real,0,Real,0.5396001935005188,0.5396001935005188,0.4603998064994812
20,2,Tampered,2,Tampered,1,Fake,1,Fake,0.8430215120315552,0.15697839856147766,0.8430215120315552
20,2,Tampered,2,Tampered,1,Fake,1,Fake,0.905487596988678,0.09451240301132202,0.905487596988678
20,1,Full-Synthetic,1,Full-Synthetic,1,Fake,1,Fake,0.99623042345047,0.0037695998325943947,0.99623042345047
20,2,Tampered,0,Real,1,Fake,0,Real,0.5967929363250732,0.5967929363250732,0.40320706367492676
20,2,Tampered,0,Real,1,Fake,0,Real,0.8985709547996521,0.8985709547996521,0.10142911970615387
20,1,Full-Synthetic,1,Full-Synthetic,1,Fake,1,Fake,0.9667551517486572,0.033244889229536057,0.9667551517486572
20,2,Tampered,2,Tampered,1,Fake,1,Fake,0.7358174324035645,0.26418256759643555,0.7358174324035645
20,0,Real,0,Real,0,Real,0,Real,0.9430897831916809,0.9430897831916809,0.056910209357738495
20,2,Tampered,2,Tampered,1,Fake,1,Fake,0.9331137537956238,0.06688627600669861,0.9331137537956238
20,0,Real,0,Real,0,Real,0,Real,0.747237503528595,0.747237503528595,0.25276240706443787
20,2,Tampered,0,Real,1,Fake,0,Real,0.559842050075531,0.559842050075531,0.4401578903198242
20,2,Tampered,0,Real,1,Fake,1,Fake,0.5386619567871094,0.46133801341056824,0.5386619567871094
20,2,Tampered,2,Tampered,1,Fake,1,Fake,0.8531719446182251,0.14682802557945251,0.8531719446182251
20,0,Real,0,Real,0,Real,0,Real,0.6345757246017456,0.6345757246017456,0.365424245595932
20,0,Real,0,Real,0,Real,0,Real,0.9000517129898071,0.9000517129898071,0.09994831681251526
20,1,Full-Synthetic,1,Full-Synthetic,1,Fake,1,Fake,0.9952910542488098,0.004708914086222649,0.9952910542488098
20,0,Real,2,Tampered,0,Real,1,Fake,0.6444112062454224,0.3555888533592224,0.6444112062454224
20,0,Real,0,Real,0,Real,0,Real,0.9468478560447693,0.9468478560447693,0.053152211010456085
20,0,Real,0,Real,0,Real,0,Real,0.9352275729179382,0.9352275729179382,0.06477247178554535
20,2,Tampered,2,Tampered,1,Fake,1,Fake,0.8985398411750793,0.10146012902259827,0.8985398411750793
20,1,Full-Synthetic,1,Full-Synthetic,1,Fake,1,Fake,0.9867886304855347,0.013211369514465332,0.9867886304855347
21,2,Tampered,2,Tampered,1,Fake,1,Fake,0.920717179775238,0.07928285747766495,0.920717179775238
21,1,Full-Synthetic,1,Full-Synthetic,1,Fake,1,Fake,0.9813209772109985,0.018679067492485046,0.9813209772109985
21,0,Real,1,Full-Synthetic,0,Real,1,Fake,0.9493870735168457,0.05061294138431549,0.9493870735168457
21,0,Real,0,Real,0,Real,0,Real,0.8561837673187256,0.8561837673187256,0.14381623268127441
21,0,Real,0,Real,0,Real,0,Real,0.9159312844276428,0.9159312844276428,0.08406873047351837
21,0,Real,0,Real,0,Real,0,Real,0.5408571362495422,0.5408571362495422,0.459142804145813
21,2,Tampered,2,Tampered,1,Fake,1,Fake,0.6935786008834839,0.3064213693141937,0.6935786008834839
21,0,Real,0,Real,0,Real,0,Real,0.6516499519348145,0.6516499519348145,0.3483501076698303
21,1,Full-Synthetic,1,Full-Synthetic,1,Fake,1,Fake,0.9975706934928894,0.0024293293245136738,0.9975706934928894
21,2,Tampered,2,Tampered,1,Fake,1,Fake,0.6216007471084595,0.37839919328689575,0.6216007471084595
21,2,Tampered,2,Tampered,1,Fake,1,Fake,0.6346200704574585,0.3653799295425415,0.6346200704574585
21,0,Real,2,Tampered,0,Real,1,Fake,0.9476912617683411,0.05230875313282013,0.9476912617683411
21,2,Tampered,0,Real,1,Fake,0,Real,0.7271412014961243,0.7271412014961243,0.27285876870155334
21,0,Real,2,Tampered,0,Real,1,Fake,0.7025415301322937,0.2974584698677063,0.7025415301322937
21,0,Real,0,Real,0,Real,0,Real,0.9810760021209717,0.9810760021209717,0.01892409846186638
21,1,Full-Synthetic,1,Full-Synthetic,1,Fake,1,Fake,0.6999219059944153,0.30007803440093994,0.6999219059944153
21,0,Real,0,Real,0,Real,0,Real,0.9360112547874451,0.9360112547874451,0.06398877501487732
21,0,Real,2,Tampered,0,Real,1,Fake,0.629321813583374,0.37067821621894836,0.629321813583374
21,1,Full-Synthetic,1,Full-Synthetic,1,Fake,1,Fake,0.9954286813735962,0.0045713274739682674,0.9954286813735962
21,1,Full-Synthetic,1,Full-Synthetic,1,Fake,1,Fake,0.9951186180114746,0.0048814439214766026,0.9951186180114746
21,1,Full-Synthetic,1,Full-Synthetic,1,Fake,1,Fake,0.9994373917579651,0.0005625698831863701,0.9994373917579651
21,1,Full-Synthetic,1,Full-Synthetic,1,Fake,1,Fake,0.9945135712623596,0.005486439447849989,0.9945135712623596
21,2,Tampered,2,Tampered,1,Fake,1,Fake,0.9884169101715088,0.011583147570490837,0.9884169101715088
21,0,Real,0,Real,0,Real,0,Real,0.8157870173454285,0.8157870173454285,0.18421299755573273
21,1,Full-Synthetic,1,Full-Synthetic,1,Fake,1,Fake,0.9519083499908447,0.04809170216321945,0.9519083499908447
21,0,Real,0,Real,0,Real,0,Real,0.7430070042610168,0.7430070042610168,0.25699299573898315
21,0,Real,0,Real,0,Real,0,Real,0.9383323788642883,0.9383323788642883,0.06166761741042137
21,0,Real,0,Real,0,Real,0,Real,0.9591325521469116,0.9591325521469116,0.04086736589670181
21,2,Tampered,2,Tampered,1,Fake,1,Fake,0.9887028932571411,0.01129710953682661,0.9887028932571411
21,1,Full-Synthetic,1,Full-Synthetic,1,Fake,1,Fake,0.9880402684211731,0.011959788389503956,0.9880402684211731
21,2,Tampered,2,Tampered,1,Fake,1,Fake,0.9805538058280945,0.019446322694420815,0.9805538058280945
21,1,Full-Synthetic,1,Full-Synthetic,1,Fake,1,Fake,0.9969287514686584,0.0030712515581399202,0.9969287514686584
22,2,Tampered,2,Tampered,1,Fake,1,Fake,0.9957728981971741,0.004227023106068373,0.9957728981971741
22,0,Real,0,Real,0,Real,0,Real,0.9718672633171082,0.9718672633171082,0.028132736682891846
22,0,Real,0,Real,0,Real,0,Real,0.9394617676734924,0.9394617676734924,0.06053827702999115
22,0,Real,0,Real,0,Real,0,Real,0.9473652839660645,0.9473652839660645,0.05263465270400047
22,1,Full-Synthetic,1,Full-Synthetic,1,Fake,1,Fake,0.9970623254776001,0.0029375723097473383,0.9970623254776001
22,2,Tampered,2,Tampered,1,Fake,1,Fake,0.9021438956260681,0.09785609692335129,0.9021438956260681
22,1,Full-Synthetic,1,Full-Synthetic,1,Fake,1,Fake,0.9959880113601685,0.004011941608041525,0.9959880113601685
22,1,Full-Synthetic,1,Full-Synthetic,1,Fake,1,Fake,0.9978170990943909,0.002182914409786463,0.9978170990943909
22,0,Real,0,Real,0,Real,0,Real,0.823153555393219,0.823153555393219,0.1768464595079422
22,0,Real,0,Real,0,Real,0,Real,0.7769050598144531,0.7769050598144531,0.22309501469135284
22,0,Real,0,Real,0,Real,0,Real,0.9833645224571228,0.9833645224571228,0.01663547195494175
22,0,Real,0,Real,0,Real,0,Real,0.9031120538711548,0.9031120538711548,0.09688791632652283
22,0,Real,0,Real,0,Real,0,Real,0.725834310054779,0.725834310054779,0.27416568994522095
22,2,Tampered,2,Tampered,1,Fake,1,Fake,0.9914544820785522,0.008545523509383202,0.9914544820785522
22,1,Full-Synthetic,1,Full-Synthetic,1,Fake,1,Fake,0.9995691776275635,0.00043082950287498534,0.9995691776275635
22,0,Real,0,Real,0,Real,0,Real,0.9514620304107666,0.9514620304107666,0.04853804036974907
22,2,Tampered,1,Full-Synthetic,1,Fake,1,Fake,0.8143569231033325,0.18564309179782867,0.8143569231033325
22,0,Real,1,Full-Synthetic,0,Real,1,Fake,0.8896620273590088,0.11033802479505539,0.8896620273590088
22,1,Full-Synthetic,1,Full-Synthetic,1,Fake,1,Fake,0.983207643032074,0.01679227314889431,0.983207643032074
22,0,Real,0,Real,0,Real,0,Real,0.9761374592781067,0.9761374592781067,0.023862477391958237
22,0,Real,2,Tampered,0,Real,1,Fake,0.8014886379241943,0.19851137697696686,0.8014886379241943
22,0,Real,0,Real,0,Real,0,Real,0.9293518662452698,0.9293518662452698,0.07064811140298843
22,0,Real,0,Real,0,Real,0,Real,0.5384240746498108,0.5384240746498108,0.461575984954834
22,0,Real,0,Real,0,Real,0,Real,0.9602683782577515,0.9602683782577515,0.039731573313474655
22,0,Real,0,Real,0,Real,0,Real,0.6213592886924744,0.6213592886924744,0.37864068150520325
22,0,Real,0,Real,0,Real,0,Real,0.9518126845359802,0.9518126845359802,0.04818733409047127
22,0,Real,0,Real,0,Real,0,Real,0.6243725419044495,0.6243725419044495,0.37562745809555054
22,0,Real,0,Real,0,Real,0,Real,0.9428580403327942,0.9428580403327942,0.057141974568367004
22,2,Tampered,2,Tampered,1,Fake,1,Fake,0.9793444275856018,0.02065550908446312,0.9793444275856018
22,2,Tampered,2,Tampered,1,Fake,1,Fake,0.9883666038513184,0.01163339614868164,0.9883666038513184
22,2,Tampered,2,Tampered,1,Fake,1,Fake,0.8238002061843872,0.1761997640132904,0.8238002061843872
22,2,Tampered,0,Real,1,Fake,0,Real,0.7219064235687256,0.7219064235687256,0.278093546628952
23,2,Tampered,2,Tampered,1,Fake,1,Fake,0.9239615201950073,0.07603848725557327,0.9239615201950073
23,0,Real,0,Real,0,Real,0,Real,0.9426741003990173,0.9426741003990173,0.0573258101940155
23,1,Full-Synthetic,1,Full-Synthetic,1,Fake,1,Fake,0.9906103014945984,0.009389730170369148,0.9906103014945984
23,0,Real,2,Tampered,0,Real,1,Fake,0.7991734743118286,0.2008265256881714,0.7991734743118286
23,2,Tampered,2,Tampered,1,Fake,1,Fake,0.9909324645996094,0.009067623876035213,0.9909324645996094
23,2,Tampered,2,Tampered,1,Fake,1,Fake,0.878522515296936,0.12147752940654755,0.878522515296936
23,1,Full-Synthetic,1,Full-Synthetic,1,Fake,1,Fake,0.9952730536460876,0.0047269221395254135,0.9952730536460876
23,2,Tampered,2,Tampered,1,Fake,1,Fake,0.9852449297904968,0.014755075797438622,0.9852449297904968
23,0,Real,2,Tampered,0,Real,1,Fake,0.5568644404411316,0.443135529756546,0.5568644404411316
23,1,Full-Synthetic,1,Full-Synthetic,1,Fake,1,Fake,0.991392195224762,0.008607800118625164,0.991392195224762
23,2,Tampered,0,Real,1,Fake,0,Real,0.9178528785705566,0.9178528785705566,0.08214719593524933
23,2,Tampered,2,Tampered,1,Fake,1,Fake,0.7623629570007324,0.23763704299926758,0.7623629570007324
23,2,Tampered,2,Tampered,1,Fake,1,Fake,0.6889791488647461,0.31102079153060913,0.6889791488647461
23,2,Tampered,1,Full-Synthetic,1,Fake,1,Fake,0.6963906288146973,0.30360934138298035,0.6963906288146973
23,1,Full-Synthetic,1,Full-Synthetic,1,Fake,1,Fake,0.9965424537658691,0.003457555314525962,0.9965424537658691
23,2,Tampered,2,Tampered,1,Fake,1,Fake,0.9085334539413452,0.09146654605865479,0.9085334539413452
23,2,Tampered,2,Tampered,1,Fake,1,Fake,0.990020215511322,0.00997981522232294,0.990020215511322
23,0,Real,0,Real,0,Real,0,Real,0.7331986427307129,0.7331986427307129,0.2668013572692871
23,2,Tampered,0,Real,1,Fake,0,Real,0.6171488761901855,0.6171488761901855,0.38285112380981445
23,1,Full-Synthetic,1,Full-Synthetic,1,Fake,1,Fake,0.991083562374115,0.008916417136788368,0.991083562374115
23,0,Real,0,Real,0,Real,0,Real,0.9501797556877136,0.9501797556877136,0.04982028156518936
23,2,Tampered,2,Tampered,1,Fake,1,Fake,0.9742394685745239,0.0257604718208313,0.9742394685745239
23,0,Real,0,Real,0,Real,0,Real,0.946438193321228,0.946438193321228,0.053561776876449585
23,0,Real,0,Real,0,Real,0,Real,0.971914529800415,0.971914529800415,0.02808546833693981
23,0,Real,0,Real,0,Real,0,Real,0.8857052326202393,0.8857052326202393,0.11429478973150253
23,1,Full-Synthetic,1,Full-Synthetic,1,Fake,1,Fake,0.9870154857635498,0.01298445463180542,0.9870154857635498
23,0,Real,0,Real,0,Real,0,Real,0.9902169704437256,0.9902169704437256,0.009783085435628891
23,2,Tampered,1,Full-Synthetic,1,Fake,1,Fake,0.9926366806030273,0.007363304495811462,0.9926366806030273
23,1,Full-Synthetic,1,Full-Synthetic,1,Fake,1,Fake,0.9977430701255798,0.002256915206089616,0.9977430701255798
23,1,Full-Synthetic,1,Full-Synthetic,1,Fake,1,Fake,0.9952614903450012,0.0047384765930473804,0.9952614903450012
23,0,Real,0,Real,0,Real,0,Real,0.5505174994468689,0.5505174994468689,0.4494825303554535
23,2,Tampered,2,Tampered,1,Fake,1,Fake,0.9726387858390808,0.027361184358596802,0.9726387858390808
24,2,Tampered,0,Real,1,Fake,0,Real,0.8822066783905029,0.8822066783905029,0.1177932545542717
24,0,Real,0,Real,0,Real,0,Real,0.9365261197090149,0.9365261197090149,0.06347383558750153
24,2,Tampered,0,Real,1,Fake,0,Real,0.9777471423149109,0.9777471423149109,0.022252816706895828
24,1,Full-Synthetic,1,Full-Synthetic,1,Fake,1,Fake,0.9909762740135193,0.009023690596222878,0.9909762740135193
24,0,Real,0,Real,0,Real,0,Real,0.9844104051589966,0.9844104051589966,0.015589558519423008
24,1,Full-Synthetic,1,Full-Synthetic,1,Fake,1,Fake,0.9982569217681885,0.0017430523876100779,0.9982569217681885
24,0,Real,0,Real,0,Real,0,Real,0.7524552941322327,0.7524552941322327,0.24754472076892853
24,2,Tampered,0,Real,1,Fake,0,Real,0.6628498435020447,0.6628498435020447,0.3371501564979553
24,1,Full-Synthetic,1,Full-Synthetic,1,Fake,1,Fake,0.9691058397293091,0.030894195660948753,0.9691058397293091
24,0,Real,0,Real,0,Real,0,Real,0.9064901471138,0.9064901471138,0.09350985288619995
24,0,Real,0,Real,0,Real,1,Fake,0.505007803440094,0.49499213695526123,0.505007803440094
24,1,Full-Synthetic,1,Full-Synthetic,1,Fake,1,Fake,0.9986403584480286,0.0013596299104392529,0.9986403584480286
24,1,Full-Synthetic,1,Full-Synthetic,1,Fake,1,Fake,0.9838041067123413,0.016195867210626602,0.9838041067123413
24,1,Full-Synthetic,1,Full-Synthetic,1,Fake,1,Fake,0.9855814576148987,0.014418477192521095,0.9855814576148987
24,0,Real,0,Real,0,Real,0,Real,0.8980212807655334,0.8980212807655334,0.10197872668504715
24,0,Real,0,Real,0,Real,0,Real,0.6968177556991577,0.6968177556991577,0.3031822144985199
24,0,Real,2,Tampered,0,Real,1,Fake,0.8690991401672363,0.13090083003044128,0.8690991401672363
24,0,Real,0,Real,0,Real,0,Real,0.9631370902061462,0.9631370902061462,0.03686292842030525
24,2,Tampered,0,Real,1,Fake,0,Real,0.6407122611999512,0.6407122611999512,0.35928770899772644
24,2,Tampered,2,Tampered,1,Fake,1,Fake,0.9070754647254944,0.09292446821928024,0.9070754647254944
24,0,Real,0,Real,0,Real,0,Real,0.9857469797134399,0.9857469797134399,0.014253058470785618
24,0,Real,0,Real,0,Real,0,Real,0.8794777989387512,0.8794777989387512,0.12052223086357117
24,1,Full-Synthetic,1,Full-Synthetic,1,Fake,1,Fake,0.9760500192642212,0.023949962109327316,0.9760500192642212
24,1,Full-Synthetic,1,Full-Synthetic,1,Fake,1,Fake,0.9986270666122437,0.0013729579513892531,0.9986270666122437
24,2,Tampered,2,Tampered,1,Fake,1,Fake,0.561357319355011,0.4386426508426666,0.561357319355011
24,2,Tampered,2,Tampered,1,Fake,1,Fake,0.9517245292663574,0.04827547073364258,0.9517245292663574
24,2,Tampered,2,Tampered,1,Fake,1,Fake,0.9852051138877869,0.01479481253772974,0.9852051138877869
24,1,Full-Synthetic,1,Full-Synthetic,1,Fake,1,Fake,0.9990147948265076,0.0009852007497102022,0.9990147948265076
24,2,Tampered,2,Tampered,1,Fake,1,Fake,0.5759579539299011,0.42404210567474365,0.5759579539299011
24,2,Tampered,2,Tampered,1,Fake,1,Fake,0.7906301617622375,0.20936982333660126,0.7906301617622375
24,1,Full-Synthetic,1,Full-Synthetic,1,Fake,1,Fake,0.9962490797042847,0.0037509568501263857,0.9962490797042847
24,2,Tampered,2,Tampered,1,Fake,1,Fake,0.9904048442840576,0.00959514919668436,0.9904048442840576
25,1,Full-Synthetic,1,Full-Synthetic,1,Fake,1,Fake,0.9957723617553711,0.0042276992462575436,0.9957723617553711
25,2,Tampered,2,Tampered,1,Fake,1,Fake,0.9659624099731445,0.0340375192463398,0.9659624099731445
25,1,Full-Synthetic,1,Full-Synthetic,1,Fake,1,Fake,0.992436408996582,0.0075636436231434345,0.992436408996582
25,2,Tampered,0,Real,1,Fake,0,Real,0.8124622702598572,0.8124622702598572,0.18753768503665924
25,0,Real,0,Real,0,Real,0,Real,0.9423596858978271,0.9423596858978271,0.057640209794044495
25,0,Real,0,Real,0,Real,0,Real,0.893166184425354,0.893166184425354,0.10683384537696838
25,1,Full-Synthetic,1,Full-Synthetic,1,Fake,1,Fake,0.9974841475486755,0.0025159288197755814,0.9974841475486755
25,0,Real,0,Real,0,Real,0,Real,0.9845730662345886,0.9845730662345886,0.015426880680024624
25,1,Full-Synthetic,1,Full-Synthetic,1,Fake,1,Fake,0.9708637595176697,0.029136233031749725,0.9708637595176697
25,0,Real,0,Real,0,Real,0,Real,0.764566957950592,0.764566957950592,0.23543299734592438
25,1,Full-Synthetic,1,Full-Synthetic,1,Fake,1,Fake,0.9960517287254333,0.003948248457163572,0.9960517287254333
25,0,Real,0,Real,0,Real,0,Real,0.8997974395751953,0.8997974395751953,0.10020266473293304
25,1,Full-Synthetic,1,Full-Synthetic,1,Fake,1,Fake,0.9958450198173523,0.004154969472438097,0.9958450198173523
25,2,Tampered,2,Tampered,1,Fake,1,Fake,0.9511022567749023,0.04889776185154915,0.9511022567749023
25,2,Tampered,2,Tampered,1,Fake,1,Fake,0.994549572467804,0.005450406577438116,0.994549572467804
25,2,Tampered,2,Tampered,1,Fake,1,Fake,0.5805931687355042,0.41940680146217346,0.5805931687355042
25,2,Tampered,2,Tampered,1,Fake,1,Fake,0.7135772109031677,0.2864227294921875,0.7135772109031677
25,1,Full-Synthetic,1,Full-Synthetic,1,Fake,1,Fake,0.9933390021324158,0.00666103744879365,0.9933390021324158
25,0,Real,0,Real,0,Real,0,Real,0.7163891792297363,0.7163891792297363,0.28361085057258606
25,1,Full-Synthetic,1,Full-Synthetic,1,Fake,1,Fake,0.9987456798553467,0.00125432841014117,0.9987456798553467
25,0,Real,0,Real,0,Real,0,Real,0.5755831003189087,0.5755831003189087,0.4244168698787689
25,1,Full-Synthetic,1,Full-Synthetic,1,Fake,1,Fake,0.9964967370033264,0.0035031980369240046,0.9964967370033264
25,1,Full-Synthetic,1,Full-Synthetic,1,Fake,1,Fake,0.9893503189086914,0.010649718344211578,0.9893503189086914
25,1,Full-Synthetic,1,Full-Synthetic,1,Fake,1,Fake,0.9976884722709656,0.002311520976945758,0.9976884722709656
25,0,Real,2,Tampered,0,Real,1,Fake,0.9072048664093018,0.09279512614011765,0.9072048664093018
25,1,Full-Synthetic,1,Full-Synthetic,1,Fake,1,Fake,0.9979353547096252,0.0020646376069635153,0.9979353547096252
25,2,Tampered,2,Tampered,1,Fake,1,Fake,0.9690993428230286,0.030900634825229645,0.9690993428230286
25,0,Real,2,Tampered,0,Real,1,Fake,0.8875251412391663,0.1124749407172203,0.8875251412391663
25,0,Real,0,Real,0,Real,0,Real,0.7433890700340271,0.7433890700340271,0.2566109597682953
25,2,Tampered,2,Tampered,1,Fake,1,Fake,0.9983333945274353,0.0016665447037667036,0.9983333945274353
25,0,Real,0,Real,0,Real,0,Real,0.8830051422119141,0.8830051422119141,0.11699485778808594
25,2,Tampered,0,Real,1,Fake,0,Real,0.7534961104393005,0.7534961104393005,0.24650396406650543
26,2,Tampered,2,Tampered,1,Fake,1,Fake,0.9775171279907227,0.022482868283987045,0.9775171279907227
26,0,Real,0,Real,0,Real,0,Real,0.9671757221221924,0.9671757221221924,0.032824285328388214
26,0,Real,0,Real,0,Real,1,Fake,0.5144611597061157,0.48553895950317383,0.5144611597061157
26,2,Tampered,0,Real,1,Fake,0,Real,0.5667983889579773,0.5667983889579773,0.4332015812397003
26,1,Full-Synthetic,1,Full-Synthetic,1,Fake,1,Fake,0.9974542260169983,0.002545857336372137,0.9974542260169983
26,2,Tampered,0,Real,1,Fake,0,Real,0.6519805788993835,0.6519805788993835,0.34801942110061646
26,1,Full-Synthetic,1,Full-Synthetic,1,Fake,1,Fake,0.996946394443512,0.0030535664409399033,0.996946394443512
26,1,Full-Synthetic,1,Full-Synthetic,1,Fake,1,Fake,0.9893652200698853,0.0106348330155015,0.9893652200698853
26,1,Full-Synthetic,1,Full-Synthetic,1,Fake,1,Fake,0.9973659515380859,0.0026340011972934008,0.9973659515380859
26,1,Full-Synthetic,1,Full-Synthetic,1,Fake,1,Fake,0.9976662993431091,0.0023336673621088266,0.9976662993431091
26,1,Full-Synthetic,1,Full-Synthetic,1,Fake,1,Fake,0.9794996380805969,0.020500432699918747,0.9794996380805969
26,0,Real,0,Real,0,Real,0,Real,0.9039646983146667,0.9039646983146667,0.09603531658649445
26,2,Tampered,2,Tampered,1,Fake,1,Fake,0.9711125493049622,0.028887467458844185,0.9711125493049622
26,1,Full-Synthetic,1,Full-Synthetic,1,Fake,1,Fake,0.9955052137374878,0.004494845867156982,0.9955052137374878
26,1,Full-Synthetic,1,Full-Synthetic,1,Fake,1,Fake,0.9636182188987732,0.03638177737593651,0.9636182188987732
26,0,Real,2,Tampered,0,Real,1,Fake,0.8624607920646667,0.13753922283649445,0.8624607920646667
26,1,Full-Synthetic,1,Full-Synthetic,1,Fake,1,Fake,0.9968680739402771,0.0031319251284003258,0.9968680739402771
26,0,Real,1,Full-Synthetic,0,Real,1,Fake,0.9556587338447571,0.0443413071334362,0.9556587338447571
26,0,Real,0,Real,0,Real,0,Real,0.6560655832290649,0.6560655832290649,0.34393441677093506
26,2,Tampered,2,Tampered,1,Fake,1,Fake,0.9651140570640564,0.034885916858911514,0.9651140570640564
26,2,Tampered,0,Real,1,Fake,0,Real,0.9737945199012756,0.9737945199012756,0.02620547264814377
26,0,Real,0,Real,0,Real,0,Real,0.5874205827713013,0.5874205827713013,0.41257941722869873
26,0,Real,0,Real,0,Real,0,Real,0.9184277653694153,0.9184277653694153,0.08157223463058472
26,0,Real,0,Real,0,Real,0,Real,0.559163510799408,0.559163510799408,0.4408363997936249
26,2,Tampered,0,Real,1,Fake,0,Real,0.7170774936676025,0.7170774936676025,0.2829224765300751
26,0,Real,2,Tampered,0,Real,1,Fake,0.5265316963195801,0.47346827387809753,0.5265316963195801
26,0,Real,2,Tampered,0,Real,1,Fake,0.7696284651756287,0.23037154972553253,0.7696284651756287
26,2,Tampered,2,Tampered,1,Fake,1,Fake,0.9278945922851562,0.07210543751716614,0.9278945922851562
26,0,Real,0,Real,0,Real,0,Real,0.5011904835700989,0.5011904835700989,0.4988095462322235
26,0,Real,0,Real,0,Real,0,Real,0.9188294410705566,0.9188294410705566,0.08117052912712097
26,0,Real,0,Real,0,Real,0,Real,0.9820083379745483,0.9820083379745483,0.017991624772548676
26,1,Full-Synthetic,1,Full-Synthetic,1,Fake,1,Fake,0.9990537166595459,0.0009462607558816671,0.9990537166595459
27,0,Real,0,Real,0,Real,0,Real,0.8433725237846375,0.8433725237846375,0.15662752091884613
27,1,Full-Synthetic,1,Full-Synthetic,1,Fake,1,Fake,0.9876831769943237,0.01231690589338541,0.9876831769943237
27,0,Real,2,Tampered,0,Real,1,Fake,0.7411544322967529,0.25884559750556946,0.7411544322967529
27,0,Real,0,Real,0,Real,0,Real,0.918188750743866,0.918188750743866,0.08181127905845642
27,0,Real,0,Real,0,Real,0,Real,0.9236721992492676,0.9236721992492676,0.07632778584957123
27,0,Real,0,Real,0,Real,0,Real,0.7787135243415833,0.7787135243415833,0.22128640115261078
27,1,Full-Synthetic,1,Full-Synthetic,1,Fake,1,Fake,0.9992016553878784,0.000798339257016778,0.9992016553878784
27,0,Real,2,Tampered,0,Real,1,Fake,0.9491066932678223,0.05089332535862923,0.9491066932678223
27,2,Tampered,0,Real,1,Fake,0,Real,0.6927287578582764,0.6927287578582764,0.30727124214172363
27,1,Full-Synthetic,1,Full-Synthetic,1,Fake,1,Fake,0.9800087809562683,0.019991233944892883,0.9800087809562683
27,2,Tampered,2,Tampered,1,Fake,1,Fake,0.6945005059242249,0.30549946427345276,0.6945005059242249
27,2,Tampered,2,Tampered,1,Fake,1,Fake,0.9363713264465332,0.06362877041101456,0.9363713264465332
27,0,Real,2,Tampered,0,Real,1,Fake,0.784030556678772,0.21596942842006683,0.784030556678772
27,2,Tampered,0,Real,1,Fake,0,Real,0.8021626472473145,0.8021626472473145,0.19783732295036316
27,0,Real,2,Tampered,0,Real,1,Fake,0.6793445348739624,0.3206555247306824,0.6793445348739624
27,0,Real,0,Real,0,Real,0,Real,0.9280940890312195,0.9280940890312195,0.07190591841936111
27,0,Real,0,Real,0,Real,0,Real,0.9774242639541626,0.9774242639541626,0.02257564105093479
27,0,Real,0,Real,0,Real,0,Real,0.9567500948905945,0.9567500948905945,0.043249864131212234
27,0,Real,0,Real,0,Real,0,Real,0.885172963142395,0.885172963142395,0.11482709646224976
27,0,Real,0,Real,0,Real,0,Real,0.9845476746559143,0.9845476746559143,0.015452329069375992
27,2,Tampered,2,Tampered,1,Fake,1,Fake,0.9903050065040588,0.009695017710328102,0.9903050065040588
27,0,Real,0,Real,0,Real,0,Real,0.8448662757873535,0.8448662757873535,0.15513376891613007
27,2,Tampered,0,Real,1,Fake,0,Real,0.9213298559188843,0.9213298559188843,0.07867010682821274
27,0,Real,0,Real,0,Real,0,Real,0.9356746673583984,0.9356746673583984,0.06432531028985977
27,2,Tampered,2,Tampered,1,Fake,1,Fake,0.9955642819404602,0.0044356947764754295,0.9955642819404602
27,0,Real,0,Real,0,Real,0,Real,0.9693303108215332,0.9693303108215332,0.030669650062918663
27,1,Full-Synthetic,1,Full-Synthetic,1,Fake,1,Fake,0.9995459914207458,0.00045402193791233003,0.9995459914207458
27,1,Full-Synthetic,1,Full-Synthetic,1,Fake,1,Fake,0.9953147768974304,0.004685184918344021,0.9953147768974304
27,1,Full-Synthetic,1,Full-Synthetic,1,Fake,1,Fake,0.9958993196487427,0.00410069664940238,0.9958993196487427
27,0,Real,0,Real,0,Real,0,Real,0.8020874261856079,0.8020874261856079,0.19791258871555328
27,1,Full-Synthetic,1,Full-Synthetic,1,Fake,1,Fake,0.9986691474914551,0.0013308969791978598,0.9986691474914551
27,0,Real,2,Tampered,0,Real,1,Fake,0.7372179627418518,0.2627820372581482,0.7372179627418518
28,1,Full-Synthetic,1,Full-Synthetic,1,Fake,1,Fake,0.992444634437561,0.0075552938506007195,0.992444634437561
28,0,Real,0,Real,0,Real,0,Real,0.871019721031189,0.871019721031189,0.12898024916648865
28,0,Real,0,Real,0,Real,0,Real,0.6069331169128418,0.6069331169128418,0.3930668234825134
28,2,Tampered,2,Tampered,1,Fake,1,Fake,0.9025205969810486,0.09747949242591858,0.9025205969810486
28,2,Tampered,2,Tampered,1,Fake,1,Fake,0.9288299083709717,0.07117003202438354,0.9288299083709717
28,2,Tampered,2,Tampered,1,Fake,1,Fake,0.7301952242851257,0.2698046863079071,0.7301952242851257
28,0,Real,0,Real,0,Real,0,Real,0.9663410782814026,0.9663410782814026,0.03365885093808174
28,0,Real,0,Real,0,Real,0,Real,0.8170250058174133,0.8170250058174133,0.18297499418258667
28,0,Real,2,Tampered,0,Real,1,Fake,0.9942198991775513,0.005780045408755541,0.9942198991775513
28,1,Full-Synthetic,1,Full-Synthetic,1,Fake,1,Fake,0.9811221957206726,0.01887781172990799,0.9811221957206726
28,1,Full-Synthetic,1,Full-Synthetic,1,Fake,1,Fake,0.9979730844497681,0.0020269628148525953,0.9979730844497681
28,0,Real,0,Real,0,Real,0,Real,0.9890977144241333,0.9890977144241333,0.010902260430157185
28,1,Full-Synthetic,1,Full-Synthetic,1,Fake,1,Fake,0.9967842698097229,0.0032156752422451973,0.9967842698097229
28,0,Real,0,Real,0,Real,0,Real,0.8356988430023193,0.8356988430023193,0.16430117189884186
28,2,Tampered,2,Tampered,1,Fake,1,Fake,0.982348620891571,0.017651323229074478,0.982348620891571
28,2,Tampered,2,Tampered,1,Fake,1,Fake,0.9837378859519958,0.016262052580714226,0.9837378859519958
28,0,Real,0,Real,0,Real,0,Real,0.9371610283851624,0.9371610283851624,0.06283894926309586
28,1,Full-Synthetic,1,Full-Synthetic,1,Fake,1,Fake,0.9983125925064087,0.001687407260760665,0.9983125925064087
28,0,Real,0,Real,0,Real,0,Real,0.920758068561554,0.920758068561554,0.07924193143844604
28,0,Real,0,Real,0,Real,0,Real,0.9147726893424988,0.9147726893424988,0.08522734045982361
28,2,Tampered,2,Tampered,1,Fake,1,Fake,0.5861842632293701,0.4138157367706299,0.5861842632293701
28,2,Tampered,2,Tampered,1,Fake,1,Fake,0.7412072420120239,0.2587926983833313,0.7412072420120239
28,1,Full-Synthetic,1,Full-Synthetic,1,Fake,1,Fake,0.9794036746025085,0.020596349611878395,0.9794036746025085
28,0,Real,0,Real,0,Real,0,Real,0.9491990208625793,0.9491990208625793,0.05080091953277588
28,0,Real,0,Real,0,Real,0,Real,0.9349703192710876,0.9349703192710876,0.06502968817949295
28,0,Real,0,Real,0,Real,0,Real,0.9167424440383911,0.9167424440383911,0.08325754851102829
28,2,Tampered,0,Real,1,Fake,0,Real,0.5834765434265137,0.5834765434265137,0.41652345657348633
28,1,Full-Synthetic,1,Full-Synthetic,1,Fake,1,Fake,0.9706812500953674,0.02931872196495533,0.9706812500953674
28,0,Real,0,Real,0,Real,0,Real,0.9809593558311462,0.9809593558311462,0.019040677696466446
28,0,Real,0,Real,0,Real,0,Real,0.9657989144325256,0.9657989144325256,0.034200966358184814
28,0,Real,0,Real,0,Real,0,Real,0.9562550783157349,0.9562550783157349,0.04374489188194275
28,0,Real,0,Real,0,Real,0,Real,0.9513722658157349,0.9513722658157349,0.048627760261297226
29,0,Real,2,Tampered,0,Real,1,Fake,0.6235524415969849,0.37644755840301514,0.6235524415969849
29,2,Tampered,0,Real,1,Fake,0,Real,0.6727300882339478,0.6727300882339478,0.32726991176605225
29,1,Full-Synthetic,1,Full-Synthetic,1,Fake,1,Fake,0.9896917939186096,0.01030820980668068,0.9896917939186096
29,0,Real,0,Real,0,Real,0,Real,0.7706758975982666,0.7706758975982666,0.22932419180870056
29,2,Tampered,2,Tampered,1,Fake,1,Fake,0.5844787955284119,0.41552114486694336,0.5844787955284119
29,0,Real,0,Real,0,Real,0,Real,0.95932537317276,0.95932537317276,0.040674615651369095
29,0,Real,0,Real,0,Real,0,Real,0.9574583768844604,0.9574583768844604,0.04254155606031418
29,0,Real,0,Real,0,Real,0,Real,0.9532583951950073,0.9532583951950073,0.046741534024477005
29,1,Full-Synthetic,1,Full-Synthetic,1,Fake,1,Fake,0.9958219528198242,0.004177992697805166,0.9958219528198242
29,0,Real,0,Real,0,Real,0,Real,0.9559082388877869,0.9559082388877869,0.04409176856279373
29,0,Real,0,Real,0,Real,0,Real,0.9291502237319946,0.9291502237319946,0.07084979861974716
29,0,Real,0,Real,0,Real,0,Real,0.8864287734031677,0.8864287734031677,0.11357127130031586
29,2,Tampered,0,Real,1,Fake,0,Real,0.7468814253807068,0.7468814253807068,0.25311851501464844
29,2,Tampered,0,Real,1,Fake,0,Real,0.8807904720306396,0.8807904720306396,0.11920953541994095
29,1,Full-Synthetic,1,Full-Synthetic,1,Fake,1,Fake,0.9940105676651001,0.005989404860883951,0.9940105676651001
29,2,Tampered,2,Tampered,1,Fake,1,Fake,0.5152150392532349,0.48478496074676514,0.5152150392532349
29,0,Real,0,Real,0,Real,0,Real,0.7996350526809692,0.7996350526809692,0.20036494731903076
29,2,Tampered,2,Tampered,1,Fake,1,Fake,0.9822677969932556,0.017732206732034683,0.9822677969932556
29,1,Full-Synthetic,1,Full-Synthetic,1,Fake,1,Fake,0.9989302158355713,0.0010697481920942664,0.9989302158355713
29,2,Tampered,2,Tampered,1,Fake,1,Fake,0.7578303217887878,0.24216961860656738,0.7578303217887878
29,0,Real,2,Tampered,0,Real,1,Fake,0.9518540501594543,0.04814593121409416,0.9518540501594543
29,1,Full-Synthetic,1,Full-Synthetic,1,Fake,1,Fake,0.972403883934021,0.02759617194533348,0.972403883934021
29,2,Tampered,2,Tampered,1,Fake,1,Fake,0.9897169470787048,0.010283131152391434,0.9897169470787048
29,1,Full-Synthetic,1,Full-Synthetic,1,Fake,1,Fake,0.992063045501709,0.007936966605484486,0.992063045501709
29,1,Full-Synthetic,1,Full-Synthetic,1,Fake,1,Fake,0.9803939461708069,0.01960606500506401,0.9803939461708069
29,0,Real,0,Real,0,Real,0,Real,0.928242564201355,0.928242564201355,0.0717574954032898
29,2,Tampered,0,Real,1,Fake,0,Real,0.8279858827590942,0.8279858827590942,0.17201408743858337
29,1,Full-Synthetic,1,Full-Synthetic,1,Fake,1,Fake,0.9979926347732544,0.002007406437769532,0.9979926347732544
29,0,Real,0,Real,0,Real,0,Real,0.9627931714057922,0.9627931714057922,0.037206780165433884
29,1,Full-Synthetic,1,Full-Synthetic,1,Fake,1,Fake,0.9943548440933228,0.005645131226629019,0.9943548440933228
29,1,Full-Synthetic,1,Full-Synthetic,1,Fake,1,Fake,0.9779500961303711,0.022049855440855026,0.9779500961303711
29,0,Real,2,Tampered,0,Real,1,Fake,0.767308235168457,0.2326917201280594,0.767308235168457
30,0,Real,0,Real,0,Real,0,Real,0.9856132864952087,0.9856132864952087,0.014386627823114395
30,1,Full-Synthetic,1,Full-Synthetic,1,Fake,1,Fake,0.9963345527648926,0.0036654858849942684,0.9963345527648926
30,2,Tampered,0,Real,1,Fake,0,Real,0.9411763548851013,0.9411763548851013,0.05882363021373749
30,1,Full-Synthetic,1,Full-Synthetic,1,Fake,1,Fake,0.9959562420845032,0.004043749533593655,0.9959562420845032
30,0,Real,0,Real,0,Real,0,Real,0.8134994506835938,0.8134994506835938,0.18650051951408386
30,0,Real,0,Real,0,Real,0,Real,0.9679805040359497,0.9679805040359497,0.032019440084695816
30,0,Real,0,Real,0,Real,0,Real,0.9782338738441467,0.9782338738441467,0.02176615223288536
30,0,Real,0,Real,0,Real,0,Real,0.9547075033187866,0.9547075033187866,0.045292437076568604
30,0,Real,0,Real,0,Real,0,Real,0.9816795587539673,0.9816795587539673,0.018320411443710327
30,0,Real,0,Real,0,Real,0,Real,0.9153519868850708,0.9153519868850708,0.08464796841144562
30,2,Tampered,2,Tampered,1,Fake,1,Fake,0.998092532157898,0.001907479832880199,0.998092532157898
30,0,Real,2,Tampered,0,Real,1,Fake,0.8421748876571655,0.15782521665096283,0.8421748876571655
30,0,Real,0,Real,0,Real,0,Real,0.9239467978477478,0.9239467978477478,0.076053187251091
30,2,Tampered,2,Tampered,1,Fake,1,Fake,0.9964141249656677,0.003585872473195195,0.9964141249656677
30,0,Real,2,Tampered,0,Real,1,Fake,0.5868851542472839,0.41311484575271606,0.5868851542472839
30,0,Real,0,Real,0,Real,0,Real,0.8909083604812622,0.8909083604812622,0.10909159481525421
30,0,Real,0,Real,0,Real,0,Real,0.9495131969451904,0.9495131969451904,0.050486836582422256
30,2,Tampered,2,Tampered,1,Fake,1,Fake,0.9277803897857666,0.07221967726945877,0.9277803897857666
30,0,Real,0,Real,0,Real,0,Real,0.8907965421676636,0.8907965421676636,0.10920343548059464
30,1,Full-Synthetic,1,Full-Synthetic,1,Fake,1,Fake,0.9499111771583557,0.05008880794048309,0.9499111771583557
30,0,Real,0,Real,0,Real,0,Real,0.5865399241447449,0.5865399241447449,0.4134600758552551
30,1,Full-Synthetic,1,Full-Synthetic,1,Fake,1,Fake,0.9985895752906799,0.0014104420552030206,0.9985895752906799
30,2,Tampered,2,Tampered,1,Fake,1,Fake,0.9425134658813477,0.05748650059103966,0.9425134658813477
30,0,Real,2,Tampered,0,Real,1,Fake,0.6716711521148682,0.32832878828048706,0.6716711521148682
30,0,Real,0,Real,0,Real,0,Real,0.8595886826515198,0.8595886826515198,0.1404113471508026
30,0,Real,0,Real,0,Real,0,Real,0.9731821417808533,0.9731821417808533,0.026817817240953445
30,0,Real,0,Real,0,Real,0,Real,0.7384268641471863,0.7384268641471863,0.26157325506210327
30,0,Real,0,Real,0,Real,0,Real,0.7492725849151611,0.7492725849151611,0.2507273554801941
30,0,Real,0,Real,0,Real,0,Real,0.5954917669296265,0.5954917669296265,0.40450814366340637
30,0,Real,0,Real,0,Real,0,Real,0.950821578502655,0.950821578502655,0.04917848855257034
30,0,Real,0,Real,0,Real,0,Real,0.946783721446991,0.946783721446991,0.05321633815765381
30,1,Full-Synthetic,1,Full-Synthetic,1,Fake,1,Fake,0.9960600137710571,0.0039399899542331696,0.9960600137710571
31,0,Real,0,Real,0,Real,0,Real,0.9703477621078491,0.9703477621078491,0.0296521857380867
31,1,Full-Synthetic,1,Full-Synthetic,1,Fake,1,Fake,0.9556183218955994,0.04438159987330437,0.9556183218955994
31,0,Real,0,Real,0,Real,0,Real,0.9102891087532043,0.9102891087532043,0.08971086144447327
31,0,Real,2,Tampered,0,Real,1,Fake,0.532837986946106,0.46716195344924927,0.532837986946106
31,0,Real,0,Real,0,Real,0,Real,0.9647864699363708,0.9647864699363708,0.035213541239500046
31,2,Tampered,2,Tampered,1,Fake,1,Fake,0.9828363656997681,0.01716361753642559,0.9828363656997681
31,0,Real,1,Full-Synthetic,0,Real,1,Fake,0.6020185351371765,0.3979814648628235,0.6020185351371765
31,0,Real,0,Real,0,Real,0,Real,0.7492359280586243,0.7492359280586243,0.25076407194137573
